id,ret
64,"""使用吹风机时，人员必须佩戴以下防护装备：\n1. 合格的听力防护装备。\n2. 合格的眼部防护装备。\n3. 在多尘环境中操作时佩戴面罩。\n此外还应穿着防滑鞋底的工作靴或工作鞋，并准备急救箱。<PIC>"",[""Manual04_3""]"
65,"""使用电钻的腰带挂钩和批头夹时，需要特别注意以下几点：调整或拆卸、安装附件前，务必关闭工具并取下电池组，防止意外启动导致人身伤害。<PIC>仅将工具腰带挂钩挂在工作腰带上，不要将工具悬挂在高处，也不要在腰带挂钩上悬挂物体。确保固定腰带挂钩的螺钉紧固。<PIC>安装或更换腰带挂钩或批头夹时，仅使用随附的螺钉（H），务必拧紧。腰带挂钩（G）和批头夹（I）可安装在工具任意一侧，适配左手或右手用户。移动时取下固定螺钉（H），然后重新安装在另一侧并拧紧。"",[""Manual11_7"", ""drill0_14""]"
66,"""吹风机化油器通过化油器上的 H、L、T 三颗调节螺钉进行调节。H 为高速油针，L 为低速油针，T 为怠速调节螺钉；根据当地气候、海拔、汽油及二冲程机油类型进行适配，才能获得稳定怠速与最大输出功率。出厂基础设置为：H 油针旋至限位终点、L 油针旋至限位终点，推荐怠速约 3000 转/分钟。调节方法如下：<PIC>\n1. 确认吹风管（15）与喷口（14）已安装到位。\n2. 先将 H、L 螺钉逆时针旋至限位终点。\n3. 启动吹风机，怠速与半油门交替运转 1-2 分钟预热；若无法怠速，顺时针旋入 T 螺钉直到能维持怠速。\n4. 微调 T 螺钉，使发动机刚好维持稳定怠速，避免转速偏高。\n5. 微调 L 螺钉至怠速达到最高点，再将 L 螺钉逆时针旋出最多 1/4 圈；若需要，可再适当旋入 T 螺钉提升怠速。\n6. 全油门调节 H 螺钉至发动机达到最大转速，随后将 H 螺钉逆时针旋 1/8 圈（如限位限制则小于此幅度）。\n7. 调节 H 油针时，全油门持续时间最长 10 秒，之后需怠速运转至少 10 秒。\n8. 不要拆除 H、L 油针限位装置，否则设备将不再符合加州空气资源委员会的环保要求。"",[""Manual04_42""]"
67,"""吹风机冷机启动步骤如下：\n1. 点火：将停机开关调至启动位置。\n2. 阻风门：将阻风门控制器调至阻风门位置（A）。\n3. 泵油：反复按压泵油膜片直至燃油充满膜片，无需完全充满。<PIC>\n4. 左手将设备机身按压在地面（切勿用脚踩压）。右手握紧启动手柄，缓慢拉动启动绳至感受到阻力（启动钩啮合），然后快速用力拉动。<PIC>\n5. 发动机点火后立即按下阻风门控制器，重复操作直至发动机启动。\n重要！切勿完全拉出启动绳；启动绳完全拉出时也不要松开启动手柄，否则会损坏启动装置。"",[""Manual04_25"", ""Manual04_27""]"
68,"""热机启动时，按冷机启动的相同步骤操作，但不要将阻风门控制器停留在阻风门位置。若油门手柄无启动油门锁，应先将阻风门控制器置于阻风门位置，再将其退回原位（B）以获得启动油门位置。拉动启动绳时切勿完全拉出，完全拉出后也不要松开启动手柄。<PIC>\n随后左手将设备机身按压在地面，右手握紧启动手柄，缓慢拉动启动绳至感受到阻力后再快速用力拉动；发动机点火后立即按下阻风门控制器，重复操作直至发动机启动。"",[""Manual04_27""]"
69,"""通过停机开关切断点火电源来关闭发动机。<PIC>"",[""Manual04_29""]"
70,"""空调的重要组成部件分为室内机、室外机和无线遥控器三大部分。\n室内机是空调的核心部分，主要组成部件包括前盖板、空气滤网、3M多重防护滤网、信号接收器、操作指示灯、开/关键、出风口与导风板。<PIC>\n室外机安装在室外，主要组成部件包括制冷剂管道、排水软管、电源线和连接线。<PIC>\n无线遥控器用于便捷操作空调，使用前需安装7号电池，附加功能按键位于遥控器盖板下方，部分功能可能因机型不同而不支持。"",[""Manual01_0"", ""Manual01_1""]"
71,"""遥控器盖板下方隐藏了附加功能按键，打开盖板即可看到。<PIC>图中可找到以下按键：开/关键、模式键、睡眠键、风速键、定时开/关键、上升/下降键、设置/清除键。"",[""air_conditioner_01""]"
72,"""使用遥控器前，请先安装电池，适用电池型号为7号。1. 取下电池盖。<PIC> 2. 装入新电池，确保电池正、负极安装正确。<PIC> 3. 重新装上电池盖。注意事项：给遥控器装电池时，切勿将不同型号电池混用，也切勿将新电池与旧电池混用，否则可能导致产品故障。切勿对电池充电或拆解电池，否则可能导致爆炸、火灾或严重受伤。若遥控器电池漏液，立即停止使用，若衣物或皮肤接触到漏液，用清水冲洗。若遥控器显示屏开始变暗，请更换电池。"",[""Manual01_2"", ""Manual01_3""]"
73,"""安装空调遥控器支架的步骤如下。\n1. 选择安全且便于取用的位置，并将支架安装在无阳光直射的位置，以保护遥控器。<PIC>\n2. 用螺丝刀将两颗螺丝拧紧，固定支架。<PIC>\n3. 将遥控器滑入支架中。\n安装前请先确认支架固定牢靠，再放入遥控器，避免滑落。"",[""Manual01_4"", ""Manual01_5""]"
74,"""使用极速制冷/制热模式可以快速调节室内温度。操作步骤如下：1. 按下开/关键开启电源。2. 按下极速键<PIC>。极速制冷模式下，空调将以18摄氏度的温度强风出风30分钟；极速制热模式下，空调将以30摄氏度的温度强风出风30分钟。注意：循环、自动或自动转换模式下无法使用此功能，部分机型不支持此功能。此外，短时间内想要快速制冷或制热，也可调高风扇转速来加速室内温度调节。"",[""Manual01_16""]"
75,"""使用空调的自清洁运行功能的方法如下：\n\n在制冷或除湿运行时，室内机内部会产生水汽，可使用自清洁功能去除水汽。\n\n操作步骤：按下自清洁键，显示屏上会显示自清洁标识。<PIC>\n\n注意事项：\n- 若关闭电源，风扇将继续运行30分钟，对室内机内部进行清洁\n- 自清洁功能运行时，部分按键无法使用"",[""Manual01_17""]"
76,"""使用空调等离子净化功能的步骤如下：1. 按下开/关键开启电源。2. 按下等离子键，显示屏上会显示等离子标识。<PIC>无需开启空调，直接按下等离子键即可单独使用该功能。运行时等离子灯和制冷灯将同时亮起。注意：部分机型不支持此功能。"",[""Manual01_18""]"
77,"""单冷型机型在自动运行（人工智能模式）下，风扇转速和温度会根据室内温度自动调节。开启步骤如下：1. 按下开/关键开启电源。2. 反复按下模式键，选择自动运行模式。3. 若当前温度高于或低于所需温度，按下上升/下降键选择所需的运行代码。<PIC>\n\n注意事项：此模式下无法调节风扇转速，但可设置导风板自动摆风；部分机型不支持此功能。"",[""Manual01_19""]"
78,"""空调的自动转换运行模式会自动切换制冷或制热运行模式，将设定温度的波动控制在2摄氏度以内。使用步骤如下：1. 按下开/关键开启电源。2. 反复按下模式键，选择自动转换运行模式，显示屏上会显示对应标识。<PIC>3. 按下上升/下降键设置所需温度，温度调节范围为18摄氏度（64华氏度）至30摄氏度（86华氏度）。4. 反复按下风速键选择风扇转速。\n\n注意事项：部分机型不支持此功能。"",[""Manual01_20""]"
79,"""要开启空调的节能制冷模式，按以下步骤操作：\n\n1. 按下开/关键开启电源。\n2. 反复按下模式键，选择制冷模式。\n3. 按下节能键，显示屏上会显示节能标识。<PIC>\n\n该模式可最大限度降低制冷时的耗电量，并将设定温度调节至最适宜的水平，打造更舒适的环境。\n\n注意：部分机型不支持此功能。"",[""Manual01_21""]"
80,"""无遥控器时，先打开室内机前盖板，轻轻掀起盖板两侧即可<PIC>，然后按下室内机上的开/关键即可操作空调<PIC>。此时风扇转速默认设为高速；冷暖型机型会根据室内温度自动切换运行模式<PIC>，单冷型机型温度默认设为22摄氏度（71.6华氏度）。"",[""Manual01_22"", ""Manual01_23"", ""Manual01_24""]"
81,"""该空调的自动重启功能属于出厂默认设置，断电后再次上电时会自动恢复之前的运行设置，因此一般无需额外操作。若该功能曾被关闭，可重新开启：1. 打开前盖板，轻轻掀起盖板两侧。<PIC> 2. 按住室内机开/关键 6 秒，直到设备发出两声蜂鸣，蓝色指示灯闪烁 4 次，即表示自动重启功能已开启。<PIC> 需要注意的是，若按住开/关键 3 至 5 秒而非 6 秒，空调会进入测试运行模式，该模式会以强风制冷 18 分钟后再恢复工厂默认设置，因此不是开启自动重启的方法。"",[""Manual01_25"", ""Manual01_26""]"
82,"""按手册说明，空调的清洁频率建议以空气滤网清洁为主，手册明确写的是建议每两周清洁一次空气滤网，必要时可增加清洁频率；手册未按不同机型列出不同的清洁周期，但提示滤网位置与形状可能因机型不同而有所差异，部分机型也可能未配备某些滤网，因此维护内容会按机型有所不同，清洁频率建议仍以每两周一次为基础并结合使用环境调整。"",[]"
83,"""建议每两周清洁一次空气滤网，必要时可增加清洁频率。清洁步骤如下：\n\n1. 关闭电源并拔下电源线。\n\n2. 打开前盖板，轻轻掀起盖板两侧即可。<PIC>\n\n3. 握住空气滤网的把手，轻轻向上提起，将其从机身中取出。<PIC>\n\n4. 用吸尘器清理滤网，或用温水冲洗。若滤网污垢较难清理，可在温水中加入洗涤剂清洗。\n\n5. 将滤网置于阴凉处晾干。\n\n清洁滤网时请注意：切勿使用40摄氏度以上的热水，以免造成滤网变形或变色；切勿使用挥发性物质，以免损坏产品表面。滤网的位置和形状可能因机型不同而有所差异。"",[""Manual01_29"", ""Manual01_30""]"
84,"""清洁空调的3M多重防护滤网时，先关闭电源并拔下电源线。<PIC> 打开前盖板，取出空气滤网（详见“清洁空气滤网”）。<PIC> 抽出3M多重防护滤网，再用吸尘器清理滤网污垢，切勿用水清洗3M多重防护滤网，以免造成滤网损坏。<PIC>"",[""Manual01_29"", ""Manual01_30"", ""Manual01_31""]"
85,"""关闭空调电源并拔下电源线后，再清洁等离子滤网；先打开前盖板并取出空气滤网，再取下等离子滤网进行清洁，清洁后在阴凉处晾干后装回。<PIC>如果需要先把空气滤网取出，请参照图示打开前盖板并向上提起空气滤网。<PIC>"",[""Manual01_30"", ""Manual01_32""]"
86,"""组装蒸汽清洁机无需专用工具，按以下步骤操作即可。第一步，从主机身（7）背部取下主机身固定夹（15）<PIC>。第二步，将主机身底部滑到旋转拖头（18）的颈部，图中主机身和旋转拖头背面的孔位以白色标出便于识别<PIC>。第三步，确保旋转拖头颈部背面的孔从主机身背面的孔中露出，然后将主机身固定夹（15）插入主机身背部孔位锁定两部分。第四步，将手柄杆（4）插入主机身（7），直至听到卡入声，组装完成<PIC>。"",[""Manual05_3"", ""Manual05_4"", ""Manual05_5""]"
87,"""蒸汽清洁机的产品功能和快速上手方法如下。\n\n蒸汽清洁机的实用产品功能：\n\n水箱（部件9）位于手持蒸汽器顶部，可使用蒸馏水或去矿物质水替代自来水，方便日常补水。<PIC>\n\n水过滤器位于水箱后方，能去除自来水中的矿物质和其他杂质，防止水垢损坏机器，使用蒸馏水可延长过滤器寿命。\n\n就绪指示灯位于手持蒸汽器手柄上，当水转化为蒸汽且机器准备就绪时指示灯会亮起，方便判断是否可以开始工作。\n\n蒸汽开关（部件2和11）按下即可释放蒸汽，操作简单直观。\n\n旋转拖头（部件18）可轻松清洁狭窄空间和橱柜下方等难以触及的区域。\n\n拖布（部件16）采用毛圈材质，可吸附被蒸汽松动的污垢，支持重复使用并可机洗，经济实用。\n\n此外，蒸汽清洁机还配备多种实用配件：延长软管适合清洁难以触及的区域，喷射喷嘴适合清洁地面和边缘，角形喷嘴适合窗台和马桶内侧等位置，圆刷适合封闭填缝和灶台台面，布艺工具适合蒸汽除皱和织物除味，玻璃清洁套件适合清洁窗户，铲形喷嘴适合硬质表面。<PIC>\n\n快速上手使用步骤：\n\n第一步，组装机器。无需专用工具，将旋转拖头与主机身对接并用固定夹锁定，再将手柄杆插入主机身直至听到卡入声。<PIC>\n\n第二步，安装拖布。拉动拖布释放扣向下拉开面板，将拖布装入到位。<PIC>\n\n第三步，向水箱加水。可以使用随附量杯直接加水，也可以按下水箱释放扣取下水箱后在水槽中加水。注意不要加入除垢剂、芳香剂、酒精或洗涤剂等化学品。<PIC>\n\n第四步，连接电源。顺时针旋转快速收线扣将电源线完全展开，插入120V接地插座，等待就绪指示灯亮起即可开始使用。\n\n第五步，开始清洁。清洁前先扫地或吸尘，按下蒸汽开关释放蒸汽，同时缓慢移动清洁机经过待清洁表面。如需消毒某个区域，可将蒸汽拖把停留在该区域15至20秒。蒸汽用完后拔下电源、取下水箱加水即可继续。<PIC>"",[""Manual05_1"", ""Manual05_2"", ""Manual05_3"", ""Manual05_6"", ""Manual05_7"", ""Manual05_9""]"
88,"""本蒸汽清洁机可用于清洁瓷砖、乙烯基地板、复合地板、大理石、石材和封闭硬木地板。不要在未封闭木地板上使用；在打蜡或部分未打蜡地板上使用可能会降低光泽；首次使用请先在不显眼处测试，或联系地板厂家确认适用性。清洁步骤如下：\n\n1. 组装蒸汽清洁机：从主机身（7）背部取下固定夹（15），将主机身底部滑到旋转拖头（18）的颈部，插入固定夹锁定两部分，再将手柄杆（4）插入主机身直至卡入声。<PIC>\n2. 安装拖布：拉动拖布释放扣（17），向下拉开面板，装入拖布（16）。<PIC>\n3. 向水箱（9）加水：建议使用蒸馏水或去矿物质水，可使用随附量杯或直接取下水箱在水龙头下接水，加水后将水箱装回原位。<PIC>\n4. 顺时针旋转快速收线扣，将电源线完全展开，插入 120V 接地插座。等待就绪指示灯亮起，表示机器已可使用。首次使用时蒸汽清洁机可能需要数秒才能产生蒸汽。\n5. 蒸汽清洁前先扫地或吸尘，清除地面碎屑。\n6. 按下蒸汽开关释放蒸汽，同时缓慢移动清洁机经过待清洁表面。<PIC>\n7. 如需消毒，将蒸汽拖把停留在该区域至少 15 秒，但不要超过 20 秒。\n8. 当清洁机停止出蒸汽时，拔下电源，取下水箱加水后继续清洁。\n\n注意：不要向水箱内加入除垢剂、芳香剂、酒精或洗涤剂类产品；不要在同一位置长时间喷蒸汽；在复合地板上使用时地板应由专业人员安装且不能有缝隙或裂缝。"",[""Manual05_3"", ""Manual05_6"", ""Manual05_7"", ""Manual05_5""]"
89,"""依据手册配件明细，组装人体工学椅涉及的部件包括椅背、坐垫、底座、扶手、气杆、底盘机构、脚踏、连接件、脚轮、头枕、腰枕、脚踏导轨以及随附扳手，并需配合对应螺丝与垫圈紧固件完成组装。整体配件关系见<PIC>，安装开始前的底座与脚轮、气杆等关键部件见<PIC>。"",[""Manual02_0"", ""Manual02_1""]"
90,"""扶手使用一段时间后松动的原因是连接扶手和椅身的螺丝在长期使用后会自行松动，这属于常见现象。手册安装说明指出，安装扶手时应将u垫圈放在扶手和椅身之间，对准螺丝孔后紧固，且所有螺丝在位置固定正确前不要完全拧紧。<PIC>重新拧紧螺丝即可解决松动问题。"",[""Manual02_8""]"
91,"""这款GTPLAYER人体工学椅具备以下功能。一，高度调节功能，向上拉起LIFT升降拉杆即可调节椅子高度，到达所需高度后松开拉杆，调节时需将身体微微抬离座椅<PIC>。二，椅背后仰功能，向上拉起RCL后仰拉杆，椅背角度可随使用者动作独立倾斜，向下按下RCL拉杆椅背角度即可锁定，恢复常规坐姿时需靠在椅背上以避免快速回弹<PIC>。三，按摩功能，插入USB即可启用腰枕按摩功能<PIC>。"",[""Manual02_11"", ""Manual02_14"", ""Manual02_15""]"
92,"""根据洗碗机用户手册中的“洗碗机概览”，洗碗机的主要部件包括台式结构（视型号而定）、上层喷淋臂、下层碗篮、下层喷淋臂、过滤器、控制面板、机门、洗涤剂盒、下层喷淋臂槽、餐具篮、专用盐箱盖、上层篮导轨、带支架的上层碗篮，以及风扇烘干系统（视型号而定）。其中台式结构和风扇烘干系统属于型号差异项，可能并非所有机型都具备，其余为手册列出的常规模块级部件。 <PIC>"",[""Dish_washer_08""]"
93,"""将排水管直接连接到排水孔或水槽排水口。连接点距地面高度最小50厘米，最大100厘米。排水管长度不应超过4米，否则会导致洗涤不干净。将排水管平直连接，不得弯折。牢固固定排水管，防止工作时脱落。排水管必须连接到污水系统，不得连接到地表水。<PIC>安装或清洁后推入产品时，确保排水管不被弯折、挤压或压扁。"",[""Manual06_2""]"
94,"""1. 先取出下层碗篮，以便操作盐箱。<PIC>\n2. 逆时针旋转专用盐箱盖打开；首次使用前先向软水系统注入 1 升水。<PIC>\n3. 使用盐斗向盐箱添加洗碗机专用软化盐，盐箱约可装入 2 公斤。<PIC>\n4. 加满后盖上盖子并拧紧。\n5. 请在启动机器前添加软化盐；若加盐后不立即运行洗涤程序，先空载运行最短程序，溶解并冲散机器内散落的盐。\n6. 只能使用洗碗机专用软化盐，建议使用颗粒或粉末状软化盐，不要使用食盐等含不溶物的盐。"",[""Dish_washer_01"", ""Dish_washer_02"", ""Dish_washer_03""]"
95,"""为洗碗机添加洗涤剂的步骤如下：\n\n首先参考程序表，根据所选程序确定正确的洗涤剂用量。只能使用洗碗机专用洗涤剂，可以是粉末或块状。请勿向洗涤剂盒中加入溶剂，有爆炸危险。在即将运行机器前将洗涤剂加入洗涤剂盒。\n\n1. 向右推动卡扣打开洗涤剂盒盖（A）<PIC>\n2. 向洗涤剂盒中加入建议量的粉末或块状洗涤剂。洗涤剂盒内有刻度标记，帮助您使用适量的洗涤剂。洗涤剂盒装满容量为40cm³，根据机器装载量和/或餐具脏污程度，将洗涤剂加至15cm³或25cm³刻度线。若餐具放置时间较长且残渣已干涸，可同时加满5cm³小格<PIC>\n3. 轻轻按下关闭洗涤剂盒盖，听到咔嗒声表示已关紧\n\n请勿过量使用洗涤剂，遵循产品包装建议。过量使用粉末洗涤剂会导致洗涤剂无法完全溶解，并在玻璃器皿上留下划痕。"",[""Manual06_4"", ""Manual06_5""]"
96,"""向右推动卡扣打开洗涤剂盒盖（A）<PIC>。向洗涤剂盒中加入洗涤块，洗涤剂盒内有刻度标记，装满容量为40cm³<PIC>。洗涤块包装上的使用说明会注明在洗碗机中的合适放置位置（洗涤剂盒或碗篮等）<PIC>。轻轻按下关闭洗涤剂盒盖，听到咔嗒声表示已关紧。在带预洗的高温程序中使用块状洗涤剂时，请确保洗涤剂盒盖紧闭。无预洗的短程序建议使用粉末洗涤剂，因为块状洗涤剂的溶解度随温度和时间变化。按下控制面板上的半载/洗涤块键（5）激活洗涤块功能，该功能可根据自来水硬度让2合1、3合1、4合1、5合1等多效洗涤块获得更好的烘干效果，激活后洗涤块指示灯亮起，盐量和亮碟剂指示灯关闭<PIC>。"",[""Manual06_4"", ""Manual06_5"", ""Manual06_6"", ""Manual06_17""]"
97,"""亮碟剂是一种特殊配方，用于提高烘干效率，防止洗涤后的餐具上留下水渍或水垢。务必使用洗碗机专用亮碟剂，并确保亮碟剂盒中始终有亮碟剂。查看洗碗机屏幕上的亮碟剂指示灯（10）可判断是否需要添加：指示灯常亮表示充足，熄灭则需添加。添加亮碟剂的步骤如下：按下卡扣打开亮碟剂盒盖（B）。<PIC>向盒内加注亮碟剂至MAX刻度线。轻轻按下关闭盒盖，擦净溢出的亮碟剂，因为意外溢出的亮碟剂会产生泡沫，最终降低洗涤效果。将亮碟剂剂量调节旋钮手动调至1至6之间的位置。<PIC>若洗涤后餐具上有污渍，需调高剂量；若手擦后有蓝色痕迹，则调低剂量。出厂默认设置为4。启动洗涤前，检查盐量和亮碟剂警告指示灯（9、10）是否亮起，必要时添加盐和/或亮碟剂。洗碗机的最佳洗涤效果需单独使用洗涤剂、亮碟剂和软水盐。若使用洗涤块，需确保盐箱和亮碟剂盒已满，并根据洗涤块类型进行合适的亮碟剂设置。如亮碟剂指示灯设置为关闭，即使亮碟剂盒为空指示灯也不会亮起，建议保持指示灯为开启状态以便及时获知补充提醒。"",[""Manual06_7"", ""Manual06_8""]"
98,"""不适合在洗碗机中清洗的物品包括：沾有烟灰、蜡烛残渣、抛光剂、染料或化学品等污染物的餐具；铁制器具；带有木质或骨质手柄、黏合部件或不耐热部件的银质餐具与刀具；铜和镀锡容器；含铝或铝制厨具；带装饰的玻璃和光泽瓷器；精致玻璃和水晶；劣质不锈钢银质餐具；以及已生锈的厨具。瓷器的装饰花纹以及铝制、银质器具在机洗后可能褪色或失去光泽。"",[]"
99,"""餐具篮的设计因型号而异（标注为“视型号而定”）。手册中未提供针对不同型号的具体安装步骤说明，仅说明餐具篮用于更干净地清洗叉、勺等餐具。<PIC>展示了餐具篮的外观，可以看到其带有可打开的盖子。<PIC>为洗碗机整体概览图，其中标注了餐具篮在洗碗机内的位置（编号10）。"",[""Manual06_12"", ""Dish_washer_08""]"
100,"""可折叠下层篮架丝（共2根，视型号而定）已安装在洗碗机下层碗篮上，无需单独安装。使用时按下卡扣（A）即可放下折叠架丝，您可单独或同时折叠每根架丝，以便为锅、碗等大件物品创造更大空间。<PIC>"",[""Manual06_13""]"
101,"""根据用户手册，仅上层碗篮具备高度调节机构。满载上层碗篮高度调节方法如下：无需取出碗篮，直接利用碗篮调节机构调节。升高碗篮：1. 抓住上层篮左侧架丝向上提起；2. 另一侧重复相同操作 <PIC>。降低碗篮：1. 按下碗篮调节机构上的卡扣降低碗篮；2. 另一侧重复相同操作；3. 确保碗篮高度调节机构两侧处于同一水平（高或低） <PIC>。"",[""Manual06_14"", ""Manual06_15""]"
102,"""进水管上的滤网可防止市政供水或自备水系统中的沙、污垢、铁锈等杂质损坏洗碗机。定期检查滤网和水管，必要时清洁。清洁步骤如下：1. 关闭水龙头并拆下水管。2. 取出滤网后在自来水下清洁。3. 将清洁后的滤网装回水管原位。4. 将水管装回水龙头。注意：进行任何清洁操作前，请拔掉产品电源并关闭水龙头。"",[]"
103,"""清洁洗碗机上层喷淋臂前，请先拔掉电源插头并关闭水龙头，不要使用研磨性物质。为保证机器高效运行，应至少每周清洁一次喷淋臂。上层喷淋臂位于洗碗机内部上侧。<PIC>检查上层喷淋臂上的孔是否堵塞，若堵塞则需要拆下清洁。向左旋转螺母即可拆下上层喷淋臂，清洁完成后安装时确保螺母拧紧。<PIC>上下喷淋臂孔可能被柠檬籽等食物残渣堵塞，启动程序前建议用手转动喷淋臂确保能自由转动。"",[""Dish_washer_08"", ""Manual06_24""]"
104,"""先断开电源，再拆下上盖和背部滤网盖，然后直接拆除滤网上的塑料包装，并在完成后再装回滤网盖与上盖，最后对滤网进行初始化或复位。<PIC>双手握住设备上盖并向上拉起，以露出滤网区域。<PIC>握住背部滤网盖把手并向前拉出，取出滤网组件。<PIC>拆除滤网上的塑料包装；未拆除包装会产生异响、滤网无法正常工作，且可能引发火灾或损坏设备。"",[""Manual03_0"", ""Manual03_1"", ""Manual03_2""]"
105,"""安装空气净化器脚轮的步骤如下：空气净化器包装盒内有一小盒，内含4个脚轮和8颗螺丝。用螺丝刀拆下空气净化器底部的4个底座。每个脚轮用2颗螺丝替换原底座。保留拆下的底座和螺丝以备后续使用。注意：若滤盒内无脚轮盒，请联系客服。"",[]"
106,"""这款空气净化器常见运行模式主要分为常规运行、自动模式、涡轮模式和睡眠模式四类，手册未提到其他独立模式。<PIC>按电源键开机后，再按上键或下键可在F1至F18之间手动调节风速，适合用户主动控制净化强度。<PIC>按下Auto键可进入自动模式，设备会根据室内空气质量与VOC传感器反馈自动调节风速；在智能自动运行期间无法手动调节风速，特点是省去手动操作并让风速随空气状况变化。<PIC>同时长按上键和下键3秒可进入涡轮模式，适合需要更快速净化的场景；按一次下键会退出涡轮并将风速切回F18，特点是短期高风量快速过滤。<PIC>按Sleep键可进入睡眠模式，该模式下设备仍正常运行，但显示屏会变暗且默认风速为F1，用户仍可按上键或下键在F1至F18之间调节，再次按Sleep键可恢复之前的运行模式，特点是降低显示干扰并适合夜间使用。"",[""Manual03_14"", ""Manual03_15"", ""Manual03_16"", ""Manual03_17""]"
107,"""室内空气质量（IAQ）指示灯是围绕显示屏外缘的一圈灯光，用于实时显示室内空气状态。<PIC>显示屏周围的灯光就是IAQ指示灯。<PIC>设备根据细颗粒物浓度将空气质量分为四档，分别对应蓝色（Level 1，良好）、绿色（Level 2，正常）、黄色（Level 3，较差）、红色（Level 4，很差）；若室内空气受到室外空气影响或部分颗粒物未被检测到，读数可能更清洁，也可能与其他空气质量检测设备不同。"",[""Manual03_11"", ""Manual03_20""]"
108,"""清洁前请务必拔下电源插头，不要在设备通电状态下清洁，以免导致触电或故障。为保证最佳效果，建议每月清洁 1-2 次净化器，灰尘较多的地区可增加清洁频率。\n\n设备外部清洁：用温水或温和清洁剂浸湿布料，擦拭净化器外壳，再用软布擦干。\n\n设备内部清洁：打开背部滤网盖并取出滤网，用吸尘器和湿毛巾清洁滤网仓内部。<PIC>\n\n滤网清洁：两次更换滤网之间，可用吸尘器或软刷清洁预过滤网。若滤网非常脏，建议直接更换，滤网污染程度因使用环境和运行时长而异。切勿用水清洗滤网。\n\n灰尘传感器清洁：双手握住设备上盖并向上拉起，握住背部滤网盖把手并向前拉出，拆下设备右侧灰尘传感器盖。<PIC>用蘸少量水的棉签擦拭灰尘传感器镜头和进风口，再用干净干棉签彻底擦干。<PIC>请勿使用丙酮、酒精等强腐蚀性化学试剂擦拭传感器部件，以免损坏镜头。"",[""Manual03_23"", ""Manual03_24"", ""Manual03_25""]"
109,"""清洁前请务必拔下电源插头。为保证最佳效果，建议每月清洁1-2次净化器，灰尘较多的地区应增加清洁频率。清洁滤网的步骤如下：\n1. 双手握住设备上盖并向上拉起，然后握住背部滤网盖把手并向前拉出，取出滤网。<PIC>\n2. 用吸尘器和湿毛巾清洁滤网仓内部。\n3. 两次更换滤网之间，可用吸尘器或软刷清洁预过滤网（微纤维网）。\n4. 若滤网非常脏，请直接更换新滤网。\n\n禁止：切勿用水清洗滤网。\n\n该净化器配有三重滤网结构，包括预过滤网（去除大颗粒灰尘）、高效滤网（去除99.95%的0.3微米颗粒物）和活性炭滤网（去除异味、气体和VOC）。<PIC>\n\n建议每6-12个月更换一次滤网，具体周期因使用环境而异。更换滤网后，需长按控制面板上的 Sleep + Auto 键5秒以上，直到听到提示音以重置滤网指示灯。"",[""Manual03_1"", ""Manual03_8""]"
110,"""更换滤网前请务必拔下设备电源插头，不要在设备运行或通电状态下更换滤网，也不要使用非厂家推荐的滤网。建议每 6-12 个月更换一次滤网，实际周期可根据使用环境调整。建议按以下步骤更换滤网：\n1. 双手握住设备上盖并向上拉起。<PIC>\n2. 握住背部滤网盖把手并向前拉出。<PIC>\n3. 取出旧滤网并安装新滤网。若为新产品，需先拆除滤网塑料包装，塑料包装拆除后无法退货。<PIC>\n4. 将滤网上下推入设备，确保滤网贴合紧密。<PIC>\n5. 装回滤网盖，先插入底部固定槽，再向前滑动使其卡入顶部槽。<PIC>\n6. 双手握住设备上盖并滑回原位，确保标识朝前。<PIC>\n7. 更换完成后长按控制面板上的 Sleep + Auto 键 5 秒以上，直到听到提示音并重置滤网更换指示灯；若更换滤网后指示灯仍亮，可再次按住该组合键至少 5 秒。<PIC>\n更换滤网的详细购买信息可访问 carrierathome.com。"",[""Manual03_0"", ""Manual03_1"", ""Manual03_2"", ""Manual03_3"", ""Manual03_4"", ""Manual03_5"", ""Manual03_21""]"
111,"""1. 双手握住设备上盖并向上拉起。<PIC>\n2. 握住背部滤网盖把手并向前拉出。<PIC>\n3. 拆下设备右侧灰尘传感器盖。<PIC>\n4. 用蘸少量水的棉签擦拭灰尘传感器镜头和进风口，再用干净干棉签彻底擦干。<PIC>\n5. 装回灰尘传感器盖和滤网盖，将设备上盖标识朝前装回。\n注意：请勿使用丙酮、酒精等强腐蚀性化学试剂擦拭传感器部件，以免损坏镜头。"",[""Manual03_22"", ""Manual03_23"", ""Manual03_24"", ""Manual03_25""]"
112,"""1. 在晴天运行设备1小时，然后拔下电源插头，晾干设备内部。\n2. 遮盖设备，存放在干燥、无阳光直射的地方。"",[]"
113,"""健身单车的技术规格位于手册的\""技术规格\""章节，主要包含以下信息。最大使用者重量为136千克（300磅），设备总占地面积为5670平方厘米<PIC>，机器重量为26.5千克（58.4磅）。电源要求方面，工作电压为220V至240V交流电、50Hz，工作电流为0.4A。认证标准方面，交流电源适配器符合CE认证<PIC>，本产品符合固定式健身器材EN ISO 20957国际标准S级。"",[""Manual14_1"", ""Manual14_2""]"
114,"""启动健身单车前，需要完成以下准备工作。首先，阅读并理解完整手册，妥善保管以备日后参考。开始运动计划前请咨询医生，确认身体状况适合使用。本产品不适合14岁以下人士使用，最大使用者重量限制为136千克。如佩戴起搏器等医疗设备，务必提前咨询医护人员。确保单车已完全装配完毕并按手册检查性能正常后，再投入使用。每次使用前检查本机是否有零件松动或磨损迹象，密切关注座椅、脚踏板和曲柄，如发现异常请勿使用。将单车放置在坚固、水平的平整地面上，运动区域最小预留空间为2.3米×1.8米，机器两侧至少预留0.6米空间。后稳定器两侧配有水平调节脚，旋转旋钮调节脚垫，运动前确保单车水平稳固。<PIC>如需移动单车，将把手向自身方向倾斜，同时向下按压单车前部推至目标位置，移动时请小心。<PIC>穿着方面，应穿着橡胶底运动鞋和适合运动、活动自如的衣物，避免宽松衣物和首饰。调节座椅高度：将脚踏板转到前位，脚掌中心对准脚踏板中心，膝盖应保持微弯。松开并拉出座管上的调节旋钮，将座椅调至所需高度，松开旋钮使锁销卡入并拧紧。调节座椅前请先下车，注意不要将座管调至高于限位标记。<PIC>调整脚踏绑带：将脚掌中心放在脚踏板上，转动脚踏板至可触及位置，将绑带固定在鞋面上，另一侧重复操作，确保脚尖和膝盖朝前。<PIC>最后接通电源或踩踏机器触发控制台开机。首次开机时需设置日期、时间和计量单位。设置完成后，在开机界面选择用户档案，即可开始运动。"",[""Manual14_19"", ""Manual14_20"", ""Manual14_24"", ""Manual14_25""]"
115,"""这款健身单车的控制台配有带触控按键的显示屏，可在运动中提供关键运动信息并控制阻力等级。<PIC>控制台按键包括：阻力增加和减小按钮用于调节运动阻力等级，快速启动按钮用于开始手动运动模式，程序按钮用于选择运动类别和程序，暂停/结束按钮用于暂停或结束运动，目标追踪按钮用于查看运动总量与成就，增加和减少按钮用于调节年龄、时间、距离或卡路里等数值，左右按钮用于运动中切换显示数据或浏览选项，确认按钮用于启动程序运动或确认信息，风扇按钮用于控制三速风扇，阻力等级快捷按钮用于运动中快速切换阻力等级，成就指示灯在查看运动结果时点亮。<PIC>上部显示区域包括：程序显示区展示运动曲线，网格中每一列代表一个运动区间，列越高等级越高，闪烁列表示当前区间；强度显示区根据当前阻力等级显示实时运动强度；心率区间显示当前心率所属区间，可作为燃脂、有氧或无氧运动的目标指导；目标显示区显示当前目标类型、完成值及完成百分比；用户显示区显示当前所选用户档案；成就显示区在达到运动目标或超过历史里程碑时激活，控制台将提示祝贺信息并播放提示音。<PIC>下部显示区域展示运动数值：速度以公里/小时或英里/小时显示；时间显示运动总时长，超过99分59秒将自动切换为小时和分钟；距离以英里或公里显示；等级显示当前阻力等级；转速显示每分钟转数；心率以每分钟心跳次数显示，接收到信号时图标将闪烁，所显示心率为近似值仅供参考；卡路里显示运动中估算消耗的卡路里。<PIC>控制台可存储2个用户档案，自动记录每次运动数据。控制台约5分钟无操作将自动关机，无独立电源开关。首次开机需设置日期、时间和计量单位。"",[""Manual14_21"", ""Manual14_22"", ""Manual14_23"", ""Manual14_26""]"
116,"""运动前需要进行以下调整以保证舒适度。首先调节单车水平，后稳定器两侧配有水平调节脚，旋转旋钮调节稳定器脚垫，运动前确保单车水平稳固 <PIC>。然后调节座椅高度，正确的座椅位置可提升运动效率与舒适度、降低受伤风险：将脚踏板转到前位，脚掌中心对准脚踏板中心，膝盖应保持微弯；如腿部过直或脚无法踩到脚踏板则将座椅调低，如膝盖弯曲过度则将座椅调高，调节座椅前请先下车。松开并拉出座管上的调节旋钮，将座椅调至所需高度，松开旋钮使锁销卡入，确保锁销完全卡入并拧紧旋钮 <PIC>。接着调节脚踏绑带，将脚掌中心放在脚踏板上，将绑带固定在鞋面上，确保脚尖和膝盖朝前以保证最佳踩踏效率 <PIC>。此外穿着方面应穿橡胶底运动鞋和适合运动、活动自如的衣物。"",[""Manual14_19"", ""Manual14_24"", ""Manual14_25""]"
117,"""健身单车的轻松骑行类别包含三个预设运动程序：起伏山丘<PIC>、公园骑行<PIC>、轻松之旅<PIC>。"",[""Manual14_27"", ""Manual14_28"", ""Manual14_29""]"
118,"""在健身单车的预设程序中，山地类别包含以下三个预设运动程序：派克峰、胡德山、金字塔。这三个程序会自动控制不同阻力和运动等级，模拟山地骑行的体验。<PIC>展示了派克峰程序的运动曲线，<PIC>展示了胡德山程序的运动曲线，<PIC>展示了金字塔程序的运动曲线。"",[""Manual14_31"", ""Manual14_32"", ""Manual14_33""]"
119,"""健身单车的预设程序按难度分为三个类别：轻松骑行、山地和挑战，其中挑战为最高难度类别。挑战类别下包含三个预设运动程序：上坡冲刺<PIC>、交叉训练<PIC>和间歇训练<PIC>。这三个程序会自动控制不同阻力和运动等级，提供高强度的训练体验。"",[""Manual14_30"", ""Manual14_34"", ""Manual14_35""]"
120,"""编辑健身单车用户档案需要以下步骤：首先在开机模式界面，按增加或减少按钮选择一个用户档案。然后按确认按钮选择该用户档案。控制台会显示编辑提示和当前用户档案名称，按确认键开始编辑；如需退出编辑则按暂停/结束按钮返回开机模式界面。接下来控制台显示姓名提示，首次编辑时用户姓名为空，用户档案名称限制为10个字符，当前激活段闪烁，使用增加或减少按钮浏览字母和空格（位于A和Z之间），按左或右按钮切换段，按确认按钮接受显示的用户名。然后编辑其他用户数据，包括年龄、体重、身高和性别，使用增加或减少按钮调节，每项设置完成后按确认键。之后控制台显示扫描提示，此选项控制运动中运动数据的显示方式，关闭设置允许用户按需按左或右按钮查看其他运动数据通道，开启设置允许控制台每6秒自动切换显示运动数据通道，默认为关闭，按确认按钮设置。接着控制台显示编辑下部显示提示，此选项允许自定义运动中显示的运动数据，下部显示区将显示所有运动数据，激活数据闪烁，上部显示区显示激活值设置为开启或关闭，按增加或减少按钮隐藏激活运动数据，按左或右按钮切换激活值，如需显示隐藏的运动数据则重复操作并将上部显示区数值改为开启，自定义下部显示完成后按确认键设置。最后控制台返回已选择用户的开机模式界面。"",[]"
121,"""可以。健身单车手册提供了基于年龄的心率目标参考。最大心率通常从年轻时的220次/分钟开始，每年约下降1次/分钟，到60岁时约160次/分钟。燃脂的有效目标心率为最大心率的50%至70%，建议保持该心率区间20分钟以上，维持时间越长燃脂越多。<PIC>\n此外，健身单车的心率控制（HRC）程序可根据您的年龄自动设置心率目标区间，操作步骤如下：\n1.选择心率控制运动等级（初级或高级），按确认键\n2.按增加或减少按钮选择最大心率百分比，可选区间为50-60%、60-70%、70-80%、80-90%\n3.选择目标类型并设置运动目标值\n4.按确认键开始运动\n注意：80-90%心率区间运动前请咨询医生。显示屏显示的心率为近似值，仅供参考。如运动中出现胸部疼痛、胸闷、呼吸急促或头晕，请立即停止运动并咨询医生。"",[""Manual14_22""]"
122,"""体能测试程序是一种用于评估体能水平提升情况的运动模式。该程序通过将功率输出（瓦特）与心率进行对比来评估体能状况，当体能提升后，相同心率下的功率输出会增加。使用前控制台必须能从接触式心率（CHR）传感器或心率监测仪（HRM）读取心率信息，可从反馈类别开始体能测试。程序启动后会提示选择体能水平，分为初级（BEG）或高级（ADV）两档。控制台使用所选用户档案的年龄和体重计算体能得分。开始运动后握住心率传感器，测试过程中运动强度逐渐增加，心率随之上升。强度会持续自动增加，直至心率达到测试区间，该区间根据用户档案最大心率的75%单独计算。达到测试区间后机器保持强度稳定3分钟，使心率进入平稳的稳定状态。3分钟结束时控制台测量心率和功率输出，结合年龄和体重信息计算得出体能得分。体能测试得分仅用于与自身历史得分对比，不能与其他用户档案对比，通过对比得分可以查看体能是否提升。"",[]"
123,"""使用电钻充电时，请使用制造商指定的原装充电器，并先查阅手册末尾的充电器与电池组兼容性表，避免使用不兼容的充电器。充电前先确认环境通风、干燥，远离易燃易爆环境，充电温度建议保持在18°C到24°C之间，低于4.5°C或高于40.5°C时不要充电。按以下步骤操作：先将充电器插入合适的120V插座；再将电池组平稳插入充电器并完全就位，此时红色充电指示灯持续闪烁，表示正在充电；当红色指示灯变为常亮时，表示充电完成，电池可以使用，也可以留在充电器中。<PIC>如果充电器反复快速闪烁或出现异常，先重新插入电池组；若问题仍在，可更换另一块电池组判断是否为电池故障，必要时联系授权服务中心。充电中充电器或电池发热属于正常现象，但应避免在高温环境或柔软表面上充电，以免堵塞通风口导致过热。"",[""Manual11_2""]"
124,"""DCB101充电器的指示灯闪烁模式代表以下含义：\n\n电池组充电中时，红色指示灯持续闪烁。<PIC>\n\n电池组已充满电时，红色指示灯常亮。<PIC>\n\n过热/过冷延迟模式下，红色指示灯长闪后短闪。<PIC>\n\n电池组或充电器故障时，红色指示灯快速闪烁。<PIC>\n\n电源故障时，红色指示灯快速闪烁两次后暂停。<PIC>"",[""drill0_08"", ""drill0_09"", ""drill0_10"", ""drill0_11"", ""drill0_12""]"
126,"""工具配有单套无键夹头（F），可单手操作夹头。<PIC>\n\n警告：不要通过握住夹头前部并启动工具来拧紧钻头或其他附件，否则可能损坏夹头并导致人身伤害。更换附件时务必锁定扳机开关并断开工具电源。启动工具前务必确保附件紧固，松动的附件可能弹出造成人身伤害。\n\n安装钻头或其他附件请遵循以下步骤：\n1. 关闭工具并断开工具电源。\n2. 一只手握住夹头黑色套筒，另一只手固定工具，逆时针旋转套筒至足够大，装入所需附件。<PIC>\n3. 将附件插入夹头约3/4英寸（19毫米），一只手顺时针旋转夹头套筒紧固，另一只手握住工具。工具配有自动主轴锁定机构，可单手开合夹头。务必一只手握住夹头套筒、另一只手握住工具，以达到最大紧固度。<PIC>"",[""drill0_01"", ""drill0_02"", ""drill0_03""]"
127,"""安装和拆卸电钻电池组之前，应先关闭工具并取下电池组（如已安装），以降低意外启动导致严重人身伤害的风险。进行任何调节、更换附件或存放电动工具前，也请拔下电源插头和/或取下电池组。<PIC>安装电池组的步骤如下：将电池组（K）对准工具手柄内的导轨，沿导轨滑入手柄，直至电池组牢固就位且不会松脱。为获得最佳效果，确保电池组在安装前已充满电。拆卸电池组的步骤如下：按下释放按钮（J），将电池组从工具手柄中平稳拔出。拆卸后，按照手册充电器部分的说明将电池组插入充电器。"",[""Manual11_8""]"
128,"""使用电钻的腰带挂钩和批头夹时需要特别注意以下事项。调整或拆卸安装附件前，必须关闭工具并取下电池组，以防意外启动导致严重人身伤害。<PIC>不要将工具悬挂在高处，也不要将物体悬挂在腰带挂钩上，仅将工具腰带挂钩挂在工作腰带上。<PIC>安装或更换腰带挂钩或批头夹时，仅使用随附的螺钉（H），务必拧紧螺钉，确保固定腰带挂钩的螺钉紧固。腰带挂钩（G）和批头夹（I）可使用随附螺钉安装在工具任意一侧，适配左手或右手用户。移动腰带挂钩或批头夹时，取下固定螺钉后重新安装在另一侧并务必拧紧。"",[""Manual11_7"", ""drill0_14""]"
129,"""购买电钻后应配备以下附件：电池组（K）、充电器、腰带挂钩（G）和安装螺钉（H）。电池组出厂时未充满电，使用前需先充电，充电时将电池组插入充电器，红色指示灯闪烁表示充电中，常亮表示充满。腰带挂钩和批头夹可使用随附螺钉安装在工具任意一侧，适配左手或右手用户，批头夹（I）为另售配件不随工具附带。此外工具还配有无键夹头（F），用于装夹钻头等作业附件。以下为电钻完整组件布局图，标注了各附件在工具上的位置和名称。<PIC>下图展示了电池组插入充电器的正确方式，充电步骤（图1）。<PIC>下图展示了电池组安装到工具手柄的方法，将电池组对准手柄内导轨滑入直至牢固就位。<PIC>"",[""drill0_18"", ""Manual11_2"", ""Manual11_8""]"
130,"""电钻的三年有限保修包含以下内容。工具除保修外还享有免费服务：1年免费服务，即购买后第一年内，制造商将免费维护工具，更换正常使用造成的磨损部件。电池组方面，指定型号电池组（DC9071、DC9091、DC9096、DC9280、DC9360、DC9180、DCB120、DCB127、DCB201、DCB203、DCB207）享有2年免费服务，其他电池组享有3年免费服务。需要注意的是，如果电池组被擅自改装，产品保修将失效。制造商对任何改装导致的伤害不承担责任，并将在法律允许范围内追究保修欺诈责任。此外，充电器和电池组不可自行维修，维修、保养和调节（包括碳刷检查和更换）应由专业服务中心或合格维修人员执行，且必须使用相同的替换零件。注册产品可获得更高效的保修服务，注册网址为www.dewalt.com/register。"",[]"
131,"""购买健身追踪器后，包装盒内包含以下物品：<PIC>配有小号表带的手表，颜色和材质仅供参考；<PIC>充电线；<PIC>额外大号表带。此外，健身追踪器出厂已安装小号表带，包装盒内另附一条大号底部表带。"",[""fitness_trackers_01"", ""fitness_trackers_02"", ""fitness_trackers_03""]"
132,"""为健身追踪器充电的方法如下：1. 将充电线插入电脑的USB端口、UL认证的USB墙充充电器或其他低功耗充电设备。2. 将充电线的另一端靠近手表背面的充电接口，直至磁吸吸附，确保充电线上的金属触点与手表背面的接口对齐。<PIC>充电12分钟即可续航24小时，完全充满电大约需要1-2小时。充电时轻点屏幕两次或按下按钮即可点亮屏幕查看充电状态。充满电的健身追踪器续航时间可达6天以上。"",[""Manual16_2""]"
133,"""日常不运动时，将健身追踪器佩戴在腕骨上方一指宽的位置。<PIC>\n为优化运动时的心率监测，运动时可将表带向上移动以获得更贴合的佩戴效果。<PIC>\n无论日常还是运动，都应将手表戴在手腕正面（手背一侧），确保设备背面与皮肤保持接触。同时需在健身追踪器应用中正确设置佩戴手腕为惯用手或非惯用手，以提高数据准确性。"",[""Manual16_4"", ""Manual16_5""]"
134,"""扣紧健身追踪器表带的步骤如下：1. 将健身追踪器戴在手腕上。2. 将底部表带穿入顶部表带的第一个环扣。<PIC>3. 收紧表带至舒适贴合，将表扣钉按入表带上的其中一个孔。如果使用小号表带的最后两个孔，建议更换为大号表带以获得更稳固的佩戴效果。<PIC>4. 将表带的松散端穿入第二个环扣，使其平整贴在手腕上。<PIC>确保表带不要过紧，佩戴时应留有空隙，可在手腕上轻微移动。如感到不适，请松开表带；若不适持续，请取下手表让手腕休息。"",[""Manual16_6"", ""Manual16_7"", ""Manual16_8""]"
135,"""拆卸健身追踪器表带的步骤如下：\n1. 将健身追踪器翻面，找到表带卡扣。<PIC>\n2. 松开卡扣，将扁平按钮向表带方向滑动。\n3. 轻轻将表带从手表上拔下松开。<PIC>\n4. 另一侧重复操作。\n安装表带时，将其按入手表末端，直至听到咔嗒声并卡紧到位。带环扣和表扣钉的表带安装在手表顶部。<PIC>"",[""Manual16_9"", ""Manual16_10"", ""Manual16_11""]"
136,"""健身追踪器配备彩色AMOLED触摸屏和1个按钮，通过轻点屏幕、左右上下滑动或按下按钮来操作界面。主屏幕为时钟界面，从该界面可执行以下操作：向下滑动查看快捷设置；向上滑动查看通知；左右滑动查看功能卡片，包括每日目标进度、今日活动摘要、全天心率、睡眠指标等；按下按钮打开应用菜单或返回时钟界面；长按时钟界面可切换已保存的表盘。<PIC>此外，按钮支持快捷操作：按下按钮可返回时钟界面，在时钟界面按下则打开已安装的应用列表；长按按钮1秒可激活自选功能，首次使用时选择其激活的功能，如需更改可进入手表设置应用点击快捷方式进行修改；双击按钮可打开语音助手、快捷设置、通知和非接触式支付的快捷入口。<PIC>"",[""Manual16_12"", ""Manual16_13""]"
137,"""健身追踪器可显示手机的来电、短信、日历和应用通知，让你随时掌握信息，保持手表与手机距离在30英尺以内即可接收。设置通知时，在健身追踪器应用中进入设备卡片并点击通知，来电、短信和日历通知会自动开启，还可开启其他应用通知。收到通知时手表会震动提醒，如通知到达时未查看，可稍后在时钟界面向上滑动，或双击按钮并点击通知图标查看 <PIC>。健身追踪器最多可存储30条通知，超出后新通知会替换最早的通知，可点击展开查看单条通知，滑动至底部点击清除删除单条，或向上滑动至通知底部点击全部清除一次性删除所有通知。可在健身追踪器应用中关闭特定通知，或在手表快捷设置中点击勿扰图标关闭所有通知，关闭后手机收到通知时手表不会震动且屏幕不会点亮 <PIC>。与iPhone或安卓手机配对后，可在手表上接听或拒接来电，点击绿色电话图标接听，点击红色电话图标转语音信箱，来电者在联系人列表中会显示姓名否则显示电话号码 <PIC>。安卓手机用户还可在手表上直接回复短信和部分应用通知，可使用语音转文字、预设快捷回复或表情回复。此外当健身追踪器检测到心率超出高低阈值时会及时通知你。"",[""Manual16_28"", ""Manual16_29"", ""Manual16_30""]"
138,"""依据健身追踪器手册，设备通过在夜间记录你的皮肤温度并与个人基准进行比较来追踪皮肤温度变化。手册明确说明该功能用于显示与基准的差异，帮助你识别身体变化与趋势。你可以在手机健身追踪器应用的今日页面点击温度卡片，查看夜间皮肤温度变化图表，以及你手动记录的核心温度读数。手册同时提示需要连续佩戴健身追踪器睡觉3晚才能生成个人皮肤温度基准，并且该功能并非在所有地区都可用。手册未进一步说明具体测量原理或硬件实现方式，因此只能确认追踪方式为夜间记录皮肤温度并与基准比较，而不是提供更底层的传感机制说明。相关操作入口如<PIC>，变化图表示例如<PIC>。"",[""Manual16_35"", ""Manual16_36""]"
139,"""健身追踪器通过运动应用以两种方式追踪和分析你的运动。一是自动追踪：健身追踪器可自动识别并记录许多持续至少15分钟的高强度活动；在健身追踪器应用的运动卡片中开启步行检测、跑步检测或骑行检测后，手表识别到对应运动时会自动启动运动应用。<PIC>二是手动追踪：在手表上打开运动应用，滑动找到所需运动类型并点击选择；如运动使用GPS，可等待信号连接或先开始运动，GPS会在信号可用时自动连接；点击播放图标开始运动后，可点击或滑动查看实时数据，包括心率、消耗卡路里和耗时；运动结束后向上滑动点击结束，手表显示运动摘要。<PIC>运动过程中，健身追踪器使用心率储备（最大心率与静息心率之差）个性化设置心率区间，进入燃脂、心肺或峰值心率区间时手表会震动提醒你：1次震动代表燃脂区间，2次代表心肺区间，3次代表峰值区间。在燃脂、心肺或峰值心率区间消耗的时间可获得活动区域分钟数，其中心肺或峰值区间每分钟可获得2倍活动区域分钟数，初始每周目标为150个活动区域分钟数。<PIC>运动结束后，可在健身追踪器应用中查看运动卡片获取完整运动数据，如使用GPS还可查看运动强度地图。健身追踪器还支持自定义每种运动类型的设置，包括数据展示和运动目标等选项。"",[""Manual16_42"", ""Manual16_43"", ""Manual16_45""]"
140,"""健身追踪器通过手表背面的心率传感器接触手腕皮肤来测量心率。手册说明它会在运动和全天持续追踪心率，测量依赖手表背面与皮肤保持接触。因此需要将手表戴在手腕正面，保持背面与皮肤贴合，并通过调整表带松紧和佩戴位置来获得更稳定的心率信号。"",[]"
141,"""健身追踪器内置NFC芯片，支持在支持非接触式支付的商店用手表完成消费支付，无需携带手机或其他设备（设置阶段需使用手机应用）。以下是完整操作流程：\n\n首先需要在手机上的健身追踪器应用中完成支付卡设置。在健身追踪器应用的今日页面，点击左上角图标进入健身追踪器卡片，点击支付卡片，按照屏幕说明添加至少一张合作银行的信用卡或借记卡。部分情况下银行可能需要额外验证，首次添加卡时可能会提示为手表设置4位PIN码，同时手机也必须开启密码保护。添加卡后按屏幕说明开启手机通知完成设置。设置完成后，设备锁会自动开启。<PIC>\n\n在商店进行消费时，首先确认支付终端上是否有非接触式支付标志。<PIC>\n\n然后在手表上打开钱包或健身追踪器支付应用，可通过双击手表上的按钮快速访问。如提示，输入4位手表PIN码，屏幕将显示默认卡。使用默认卡支付时，直接将手腕靠近支付终端即可；如需使用其他卡，滑动找到要使用的卡后再将手腕靠近支付终端。<PIC>\n\n澳大利亚用户流程略有不同：如持有澳大利亚银行的卡，可直接将手表靠近支付终端支付；如消费金额超过100澳元，需按支付终端说明操作，输入卡片的PIN码（非手表PIN码）。\n\n支付成功时手表会震动并在屏幕上显示确认信息。如支付终端未识别设备，确保表盘靠近读取器并告知收银员使用非接触式支付。为增加安全性，使用非接触式支付时必须将健身追踪器戴在手腕上。"",[""Manual16_46"", ""Manual16_47"", ""Manual16_48""]"
142,"""使用健身追踪器时，可能会遇到以下几类常见问题及对应的解决方法。\n\n一、心率信号丢失。健身追踪器在运动和全天持续追踪心率，如果手表上的心率传感器难以检测信号，屏幕会显示虚线。\n<PIC>\n解决方法：确保佩戴正确，可在手腕上上下移动手表，或收紧、松开表带，使健身追踪器与皮肤充分接触。保持手臂静止伸直片刻后，应能再次看到心率。\n\n二、GPS信号丢失。环境因素包括高楼、茂密森林、陡峭山坡和厚云层，可能干扰手表连接GPS卫星的能力。运动期间手表搜索GPS信号时，屏幕顶部会显示旋转的GPS图标。\n<PIC>\n解决方法：为获得最佳效果，开始运动前等待健身追踪器找到GPS信号。如果运动期间丢失GPS信号，GPS图标会显示红色，手表会自动尝试重新连接。\n\n三、电量严重不足导致功能受限。当电量降至8%或更低时，屏幕亮度调至最暗，震动强度设为轻微，GPS追踪关闭，EDA传感器关闭，常亮显示关闭，无法使用语音助手和快捷回复功能。\n<PIC>\n解决方法：及时为健身追踪器充电。充电12分钟即可续航24小时，完全充满电大约需要1到2小时。将充电线插入USB端口，另一端靠近手表背面充电接口，磁吸吸附即可充电。\n\n四、无法同步、无法响应操作、无法追踪数据或无法显示通知。遇到这些情况时，请重启手表，操作说明请参阅重启Sense 2。\n\n五、手机通知无法在手表上显示。确认手机蓝牙已开启，且手机可接收通知。在健身追踪器应用中设置通知，开启你希望在手表上查看的应用通知。注意：如果手机开启了勿扰设置，关闭该设置前手表不会接收通知。\n\n六、天气数据未显示或位置未更新。请确认已为健身追踪器应用开启定位服务，同步手表后在天气应用中查看最新数据。\n\n七、皮肤温度基准未显示。需要佩戴健身追踪器连续睡觉3晚后才能看到个人皮肤温度基准数据。"",[""Manual16_49"", ""Manual16_50"", ""Manual16_22""]"
144,"""要为健身追踪器设置设备锁（锁屏），请按以下步骤操作：在健身追踪器应用的今日页面，点击左上角图标，选择健身追踪器卡片，然后进入设备锁选项即可开启。设置设备锁后，解锁手表时需要输入个人4位PIN码。如果手表上设置了非接触式支付，设备锁会自动开启，且必须设置密码。如不使用非接触式支付，设备锁为可选设置。在设备锁页面还可以重置PIN码。"",[]"
145,"""使用冰箱冰柜时，手册中的前五条注意事项如下：\n\n1 请勿在冰箱顶部放置重物或装液体的物品。开关门时重物可能坠落导致受伤。装液体的物品可能泄漏、掉落破损，导致受伤或触电。<PIC>\n2 请勿倚靠或悬挂在冰箱门体及搁架上。可能损坏冰箱门体或搁架，或导致冰箱倾倒，造成受伤及损坏。儿童靠近冰箱时请务必有人看管。<PIC>\n3 防止儿童进入产品内部。儿童进入冰箱可能危及生命。<PIC>\n4 开关冰箱门时请小心。用力开关门可能导致内部物品倾倒，造成受伤或损坏。请勿将冰箱安装在潮湿环境中。湿气可能渗入电气部件，引发火灾或触电。<PIC>\n5 请勿在冰箱内或周围存放或使用易燃物品。可能引发爆炸或火灾。<PIC>\n\n手册中该章节还包含更多注意事项，如禁止在冰箱内使用香薰蜡烛等明火产品、禁止存放药品或实验用品、远离加热设备等。"",[""Manual17_11"", ""Manual17_12"", ""Manual17_13"", ""Manual17_14"", ""Manual17_15""]"
146,"""给冰箱连接电源时，需要做到以下前五条注意事项：第一，应使用专用插座，一个插座同时使用多个设备可能引发火灾，若本机连接漏电保护器，保护器可能跳闸并导致食物变质；<PIC>第二，请勿让电源插头朝上或被挤压在冰箱冰柜背面，若电源线被挤压在冰箱后方，可能损坏线缆引发火灾，插头朝上可能因线缆自重松脱，导致电气故障、引发火灾或冰箱停机导致食物变质；<PIC>第三，安装过程中拔下插头后推入冰箱时，应防止电源线被挤压或弯折，线缆被挤压或弯折可能引发火灾或触电，将电器从墙面移开时，注意不要碾压或损坏电源线；<PIC>第四，请勿延长或改装电源插头长度，否则可能引发火灾或触电；<PIC>第五，清洁、操作或更换冰箱冰柜内部灯泡时，请拔下电源插头，否则可能引发触电或伤害。<PIC>"",[""Manual17_0"", ""Manual17_1"", ""Manual17_2"", ""Manual17_3"", ""Manual17_4""]"
153,"""使用发电机时，针对燃油高度易燃且有毒的特性，需注意以下事项：加油时务必关闭发动机。<PIC>加油时注意不要将燃油洒在发动机或消音器上。<PIC>如不慎吞入燃油、吸入燃油蒸汽或燃油入眼，请立即就医。如燃油溅到皮肤或衣物上，请立即用肥皂水清洗并更换衣物。操作或运输发电机时，请务必保持机身直立，如发生倾斜，燃油可能从化油器或油箱泄漏。<PIC>切勿加注至燃油滤清器顶部以上，否则燃油受热膨胀后可能溢出。加油后务必拧紧油箱盖。运输发电机时，请务必拧紧油箱盖通气旋钮。排空燃油时，立即擦拭溢出的燃油。"",[""generator_20"", ""generator_21"", ""generator_03""]"
154,"""发电机运行后发动机及消音器温度会很高，应把发电机放在行人和儿童不易触碰的位置。<PIC>检修或维护前必须等其冷却，冷却前不要用身体或衣物接触发动机和消音器。<PIC>如果需要拆卸消音器滤网或火花熄灭器，也要在停机并冷却后再操作，避免烫伤。<PIC>"",[""generator_04"", ""generator_11"", ""Manual18_53""]"
155,"""日常使用中应围绕防水防潮、正确接地和规范接线三条主线来防止发电机触电事故。\n第一，禁止在雨雪中运行发电机，避免发电机受潮；任何时候都不要湿手触碰发电机或其插头、插座，以防直接触电。<PIC>\n第二，使用前务必对发电机进行有效接地，并使用足够载流量的接地导线，使泄漏电流能够被及时导走。<PIC>\n第三，如果需要将发电机接入建筑物内部用电，应由持证电工在主配电箱内安装并使用隔离转换开关，避免反送电引发电击风险；同时使用规格合格的延长线，避免因线路损伤、过载或接线不当带来触电隐患。<PIC>"",[""Manual18_12"", ""Manual18_13"", ""Manual18_14""]"
156,"""需要通过燃油开关旋钮供油时，应按照以下步骤操作。首先确保油箱内有充足燃油，并打开油箱盖通气旋钮——按住油箱盖防止转动，将通气旋钮逆时针旋转1圈，使燃油能够流向化油器。然后将燃油开关旋钮置于“开启”位置，燃油即从油箱输送至化油器。<PIC>如果燃油开关旋钮无法正常转动，可以取下盖板，内部可见燃油开关拨杆，使用该拨杆进行供油操作。<PIC>启动发动机前还需完成以下配合步骤：将发动机开关置于ON位置，将阻风门旋钮完全拉出，然后缓慢拉动反冲启动器至啮合位置再快速拉动。发动机启动后进行暖机，待阻风门旋钮推回原位发动机也不会熄火后，再将阻风门旋钮推回原位。<PIC>发电机停机或长期存放时，应将燃油开关旋钮置于“关闭”位置，切断燃油供给，并顺时针拧紧油箱盖通气旋钮。<PIC>"",[""Manual18_19"", ""Manual18_20"", ""Manual18_28"", ""Manual18_40""]"
157,"""每次使用发电机前均应进行使用前检查。针对燃油的检查操作如下：1. 确认油箱内燃油充足。2. 使用推荐燃油：无铅汽油，油箱容量为2.5升（0.55英制加仑，0.66美制加仑）。本发电机设计使用泵法辛烷值((R+M)/2)86及以上或研究法辛烷值91及以上的普通无铅汽油。<PIC>3. 加油前请仔细阅读安全信息，燃油高度易燃且有毒。切勿加注至燃油滤清器顶部以上，否则燃油受热膨胀后可能溢出。4. 如有燃油溢出应立即擦拭干净。5. 加油后务必拧紧油箱盖。<PIC>"",[""generator_12"", ""generator_14""]"
158,"""启动发电机发动机的前两个步骤如下（此前需确认未连接任何电气设备，并将ECON控制开关置于○关闭位置）。第一步，按住油箱盖防止转动，将通气旋钮逆时针旋转1圈，打开油箱通气口。<PIC>第二步，将燃油开关旋钮置于开启位置。<PIC>"",[""Manual18_26"", ""Manual18_27""]"
159,"""连接前先检查所有电气设备、线路和插头，确认状态良好并保持发电机有效接地；在完成所有安全确认前不要给设备通电，并确保总负载和所用插座电流都在额定范围内。1. 将电源线在提手上缠绕2至3圈。<PIC>2. 启动发动机，再插入交流插座，然后核对交流指示灯是否亮起。<PIC>3. 指示灯正常后，先把经济控制开关置于“I”（开启）位置，再打开设备电源；如果要带压缩机或潜水泵等大启动电流设备，应把经济控制开关置于“○”（关闭）位置。<PIC>同时不得把发电机接入市电插座，也不得与其他发电机并联，否则可能反送电并导致维修人员触电。<PIC>"",[""Manual18_33"", ""Manual18_34"", ""Manual18_35"", ""Manual18_16""]"
160,"""发电机上有两种常用开关：发动机开关和经济控制开关。发动机开关控制点火系统；置于开启时点火电路接通，可启动发动机，置于停止时点火电路切断，发动机关停。<PIC>经济控制开关用于在轻负载时节能降噪；置于开启时，经济控制单元会根据外接负载调节发动机转速，降低油耗和噪声；置于关闭时，无论是否连接负载，发动机均以额定转速5000转/分钟运行。<PIC>"",[""generator_24"", ""Manual18_35""]"
161,"""发电机的标识信息可以在手册的两个部分查找和记录。在识别码记录页，手册给出了产品识别码AE00012，并提供专用表格供用户填写产品识别码和序列号，以便向发电机经销商订购零配件，同时也应将这些识别码另行妥善保管以防机器被盗。<PIC>在机器标识部分，机器序列号标注在发电机机身的特定位置，该编号的前三位为机型标识，其余数字为产品生产编号，请妥善记录以便向经销商订购配件时参考。<PIC>"",[""Manual18_0"", ""Manual18_1""]"
162,"""使用发电机的直流保护器时，首先要注意它会在负载超过发电机额定输出时自动断开，这是为保护发电机与外接设备而设的保护装置。直流保护器断开后，应先将负载降到发电机额定输出范围内再尝试复位。若降低负载后仍反复断开，应咨询发电机经销商，不要继续强制使用。直流保护器通常用于12V直流充电或直流输出场景，连接前应确认负载与接线状态正确。在电池充电时，还应注意先启动发动机再连接电池，红线接正极、黑线接极，接线不能接反，并确保电池通气软管连接正确且无损坏或堵塞。充电期间应关闭经济控制开关，电池会产生易爆气体，因此严禁吸烟、远离火花和明火，并保持通风。如果需要复位直流保护器，按压保护器即可在“复位”与“断开”状态之间切换；若过载问题未排除，不应反复强行复位。<PIC>直流保护器过载时会自动断开，起到保护作用。<PIC>直流保护器通过按压在“复位”与“断开”之间切换，复位前应先降低负载。<PIC>电池充电时先启动发动机再连接充电线，并将充电线在提手上缠绕2至3圈。<PIC>充电前应先按下直流保护器，并确保电池接线正确、经济控制开关关闭，同时保持通气软管正常。<PIC>电池充电过程中会产生易爆气体，操作时需远离火花、明火，并做好防护和通风。"",[""generator_08"", ""generator_09"", ""Manual18_37"", ""Manual18_38"", ""Manual18_39""]"
163,"""将发电机放置在水平面上并等待发动机及消音器冷却，确认发动机机油处于机油加注口的上限位置，若液位低于上限则需要添加机油至上限位置。推荐发动机机油等级为API标准SE级或SF级。必要时可参考机油警告灯判断机油不足情况，在添加机油后再重新启动。机油上限位置如图。<PIC>机油加注口及油尺位置如图。<PIC>"",[""generator_17"", ""generator_18""]"
164,"""启动发电机发动机的最后三个步骤如下：\n\n5. 缓慢拉动反冲启动器至啮合位置，然后快速拉动。<PIC>拉动反冲启动器时请牢牢握住提手，防止发电机倾倒。\n\n6. 发动机启动后，进行暖机，直至阻风门旋钮推回原位发动机也不会熄火。\n\n7. 将阻风门旋钮推回原位。<PIC>"",[""generator_16"", ""Manual18_29""]"
165,"""发电机直流额定电压为12V。正确充电步骤如下：\n1. 将充电线在提手上缠绕2至3圈，插入直流插座。<PIC> 红线夹接电池正极(+)，黑线夹接电池负极(-)，切勿接反。\n2. 启动发动机后再连接电池。\n3. 按下直流保护器，安装电池。<PIC>\n\n充电时务必关闭经济控制开关，确保电池接线正确，确保通气软管连接正确且无损坏或堵塞。若直流保护器断开，请将负载降至发电机额定输出范围内，若再次断开请咨询经销商。\n\n电池充满电时，电解液比重在1.26至1.28之间，每小时检查一次比重。<PIC> 充电时严禁吸烟，严禁在电池处连接或断开线路，火花可能点燃电池产生的气体。电池电解液有毒且具有腐蚀性，操作时务必佩戴护目镜，请放置在儿童接触不到的地方。"",[""Manual18_37"", ""Manual18_38"", ""Manual18_39""]"
166,"""要让发电机的发动机停机，请按以下步骤操作。首先关闭所有外接电气设备，然后将经济控制开关置于○（关闭）位置。<PIC>接着断开所有电气设备。<PIC>之后将发动机开关置于停止位置，以切断点火电路使发动机停机。<PIC>再将燃油开关旋钮置于“关闭”位置。<PIC>最后顺时针拧紧油箱盖通气旋钮至手指拧紧状态，切断燃油供给。<PIC>"",[""generator_22"", ""generator_23"", ""generator_24"", ""Manual18_40"", ""Manual18_41""]"
167,"""应定期拆卸并检查火花塞，保养作业前请先停机。1. 取下盖板。2. 检查火花塞是否变色并清除积碳。<PIC> 3. 检查火花塞型号及间隙。<PIC> 核实电极间隙符合规格要求。<PIC> 4. 安装火花塞。<PIC> 5. 安装盖板。注意：更换时仅使用发电机指定原厂配件，建议由发电机经销商进行保养。"",[""Manual18_44"", ""Manual18_45"", ""Manual18_46"", ""Manual18_47""]"
168,"""1. 将机器放置在水平面上，暖机数分钟，然后停机，将燃油开关旋钮置于\""关闭\""位置，顺时针拧紧油箱盖通气旋钮。\n2. 取下盖板①。<PIC>\n3. 从发电机底部拆下放油接头①，打开机油加注口盖。\n4. 将放油接头①安装到机油加注口。\n5. 在发动机下方放置接油盘，倾斜发电机将机油完全排空。<PIC>\n6. 添加发动机机油至上限位置。<PIC> 推荐发动机机油等级：API标准 SE级或SF级。"",[""Manual18_50"", ""generator_25"", ""generator_26""]"
169,"""发电机空气滤清器的正确维护步骤如下：1. 取下盖板。<PIC>2. 松开固定空气滤清器盖的卡箍。<PIC>3. 取下空气滤清器盖及滤芯。<PIC>4. 用溶剂清洗滤芯并晾干。5. 给滤芯上油并挤出多余机油，滤芯应湿润但不滴油。推荐使用泡沫空气滤清器专用油或SAE 20号发动机油。注意：请勿拧绞滤芯，以免撕裂。6. 将滤芯装入空气滤清器，确保滤芯密封面与空气滤清器贴合无漏气。7. 将空气滤清器盖装回原位并安装卡箍。8. 安装盖板。重要注意事项：发动机严禁无滤芯运行，否则会导致活塞及气缸过度磨损。使用溶剂时严禁吸烟或靠近明火。"",[""Manual18_61"", ""Manual18_62"", ""Manual18_63""]"
170,"""如果发电机的发动机无法启动，应按照手册中的故障排除流程进行检查，主要排查燃油系统和机油系统的问题。首先检查燃油系统是否正常输送燃油：确认油箱内是否有油，如果没有需添加燃油 <PIC>；如果油箱有油，请将油箱盖通气旋钮逆时针旋转1圈置于“开启”位置，并确保燃油开关旋钮置于“开启” <PIC>；若仍无法启动，可能是燃油管路或化油器堵塞，需清洁燃油管路和化油器。其次检查发动机机油系统，机油不足会导致发动机自动停机且无法再次启动：检查机油液位，如果过低需添加发动机机油 <PIC>。此外，在启动时还需注意将ECON控制开关置于○（关闭）位置，并正确操作阻风门。具体的故障排除流程可参考以下总体流程图 <PIC>。"",[""generator_27"", ""generator_28"", ""generator_29"", ""Manual18_65""]"
171,"""排空燃油按以下步骤操作：1. 打开油箱盖，使用市售手动虹吸管将油箱内燃油排入合格汽油容器，然后装回油箱盖。警告：燃油高度易燃且有毒，请仔细阅读安全信息，立即擦拭溢出的燃油。2. 取下盖板①，松开化油器浮子室放油螺丝，排空化油器内燃油。<PIC>3. 将燃油开关旋钮置于关闭位置，启动发动机直至自行停机，燃烧完化油器内剩余燃油。<PIC>此外需要注意油箱盖通气旋钮在发动机不使用时应顺时针拧紧至手指拧紧状态以切断燃油供给。"",[""Manual18_66"", ""Manual18_67""]"
172,"""使用便携式发电机为对电压敏感的精密设备供电前，请先咨询精密设备供应商。部分精密设备（如部分医疗设备、个人电脑及检测峰值电压和有效值电压的逆变器）可能需要比便携式发电机更稳定的电压供应。此外，连接发电机前应确认所有电气设备（包括线路及插头连接）状态良好，插入插头前务必关闭所有电气设备，并确保总负载在发电机额定输出范围内、插座负载电流在插座额定电流范围内。"",[]"
173,"""在划船或钓鱼场景下，拖曳速度、半滑航速度和滑航速度分别对应摩托艇的低速、中速和较快速行驶状态，用途和操控要点不同。拖曳速度为最低操控速度，几乎不加油门，艇体沉入水中且无尾流，适合靠岸、停靠码头、接近物体或慢速拖带作业，练习重点是低速直行、满舵转向与精确近距控制。<PIC>半滑航速度为中等速度，艇首略微抬离水面但仍在水中行驶，会产生尾流，适合中速巡航、绕圈与转向练习，此时转向依赖油门，急转时需要加大油门以维持喷射推力与转向响应。<PIC>滑航速度为较快速度，艇体更平稳并在水面滑行，同样产生尾流，适合快速通过或高速操控练习，但高速下给定速度的转向角度有限，过度转向可能引发侧滑，且速度越快停车距离越长，需在开阔平静水域谨慎使用。<PIC>"",[""Manual40_1"", ""Manual40_2"", ""Manual40_3""]"
174,"""按手册练习3，先在近岸练习再到开阔水域，全程不启动发动机，以保证深水登艇与平衡的安全性和稳定性。将熄火绳系在手腕上，并在水深至少齐胸的水域让艇漂浮，随后游至艇尾，双手放在登艇平台上，单手抓住扶手，这样既便于发力，也便于落水后重新抓稳。接着将身体拉至平台呈跪姿，再移至座位跨坐，以降低重心，减少侧倾。随后将熄火绳卡扣安装到熄火开关，双手紧握车把，双脚放入脚坑，前脚掌踏实脚坑底板，保持身体居中、目视前方。手册指出驾驶者体重越大，平衡难度越高，因此应反复练习登艇与平衡过程，直到能连续完成而保持稳定。如果艇上有登艇台阶，可在深水登艇时放下辅助登艇，登艇后台阶会自动复位。手册练习3图示展示了深水登艇的关键步骤：游至艇尾并双手放于登艇平台。<PIC>将身体拉至平台呈跪姿的过渡动作。<PIC>移至座位跨坐以降低重心。<PIC>熄火绳卡扣安装到开关并双手紧握车把的最终驾驶姿势。<PIC>"",[""Manual40_13"", ""Manual40_14"", ""Manual40_15"", ""Manual40_16""]"
175,"""1. 转向时始终加油门。摩托艇依靠喷射推力转向，松开油门后转向能力迅速下降，急转弯时更需加大油门以维持转向推力。\n2. 控制车把转角，避免过度转向。滑航速度下艇体在给定速度下的转向角度有限，车把转向过度时艇体可能开始侧滑。这是因为侧滑时进入喷射口的水量减少，喷嘴排水量下降，转向推力降低。遇到侧滑时将车把转回较小角度即可恢复正常转向。<PIC>\n3. 从平缓转向和低速开始练习，逐步提高速度并减小转弯半径，切勿急于求成。\n4. 双手紧握车把，双脚放在脚坑底板上，保持稳定坐姿。\n5. 练习时结合左右转向完成椭圆和8字路线，以熟悉艇体在不同转向角度下的操控特性。<PIC>\n6. 掌握重心转移技巧，配合转向操作提升稳定性。\n7. 在开阔、平静、无交通及障碍物的大水域进行练习。"",[""Manual40_26"", ""Manual40_27""]"
176,"""在半滑航速度下做上述动作时，应配合使用油门与车把转向，转向过程中不要松开油门，并保持速度平稳，先从大半径、大尺寸路线开始，再逐步缩短半径与缩小路线，以维持操控性与稳定性。1. 做大椭圆转弯时，先逐渐加速至半滑航速度，保持速度平稳完成右转和左转，再前进转向完成完整椭圆。<PIC>2. 做绕圈行驶时，右转绕大圈并保持速度不变，再以相同方式左转绕圈，随后逐渐缩小圈径。<PIC>3. 做8字行驶时，先结合上述转弯和绕圈练习完成大8字路线，再逐步缩小8字尺寸。<PIC>转向前先观察周围人员、物体及其他船只；由于摩托艇没有独立制动系统，转向时若松开油门，艇体会迅速失去转向响应，从而影响稳定性。练习区域较小或需要更可控的行驶时，应降低最大行驶速度。若在半滑航速度下急转弯，转向时还需加大油门。"",[""Manual40_22"", ""Manual40_23"", ""Manual40_24""]"
177,"""在摩托艇中低速（半滑航速度）转弯时，油门控制是保持行驶稳定性和操控性的关键。摩托艇通过油门与车把配合实现转向，转动车把时尾部喷射推力喷嘴角度改变，从而改变行驶方向。由于喷射推力强度决定转向速度与方向，除拖曳速度外，转向时必须始终加油门。<PIC>练习半滑航速度转向时，应逐渐加速至半滑航速度，保持速度平稳转弯，先练习大椭圆转向，再逐步缩小转弯半径进行绕圈行驶训练。<PIC>之后结合左右转向完成8字路线训练，逐步缩小8字尺寸以提升操控熟练度。<PIC>需要注意的是，如果松开油门手柄，转向能力会迅速下降，发动机减速后艇体不再响应车把操作，此时应逐渐重新加油门以恢复艇体响应。在半滑航速度下急转弯时，转向的同时必须加大油门，以确保有足够的喷射推力支撑转向动作。摩托艇没有独立制动系统，松开油门后艇体会因水阻减速但会滑行一段距离，因此不确定能否及时停下时应加油门并转向避让。<PIC>"",[""Manual40_20"", ""Manual40_22"", ""Manual40_24"", ""Manual40_21""]"
178,"""在拖曳速度下，应先以接近怠速的最小油门直线稳定航向，避免突然加大油门或频繁修正车把，让艇体在低速下保持平稳前进；开始转弯时，应继续维持当前的低速推进状态，再缓慢、持续地转动车把，通过平缓的油门和转向配合完成大半径转弯。建议先观察周围环境，启动发动机后直线行驶，确认航向稳定；需要转向时，开始做大8字路线转弯，且不额外加油门，以保证转弯平顺并保留操控余量。按顺序先掌握操控装置和启停，再进行练习4，避免因分心寻找操控部件破坏平顺性。根据摩托艇操控原理，转动车把时尾部喷射推力喷嘴角度改变从而改变行驶方向，但与中高速不同，拖曳速度通常不额外加大油门。如需更大幅度转向，可将车把转到最大进行360°回转练习，并顺时针、逆时针交替练习，以熟悉车把动作与艇体响应之间的关系，从而提升可控性与平顺性。<PIC>"",[""Manual40_19""]"
179,"""摩托艇未配备独立制动系统，通过水阻自然减速或借助倒挡喷射（RiDE系统）来减速停稳。具体操作如下：1. 需要停车时，完全松开油门手柄，发动机减速至怠速，艇体依靠水阻逐渐减速至停止。2. 从全速状态松开油门后，摩托艇因水阻完全停止的距离约为90米（300英尺），具体受总重量、水面状况、风向等因素影响。3. 如装备RiDE系统（智能减速电子倒挡），握紧左侧握把的RiDE手柄可辅助减速，停车距离比不使用时缩短约30%。4. 重要安全提醒：完全松开油门后，发动机减速，艇体将不再响应车把操作，因为转向需要油门动力。因此，若不确定能否在障碍物前及时停下，不要松开油门，而是加油门并转向避让。5. 练习区域较小时应降低最大行驶速度，速度越快停车距离越长。<PIC>"",[""Manual40_25""]"
180,"""摩托艇手册指出，碰撞事故造成的伤亡人数多于个人摩托艇的任何其他事故类型，因此避免碰撞是驾驶中最关键的安全事项。<PIC>\n\n驾驶时应做到以下几点：\n1. 持续观察周围人员、物体及其他船只，留意影响视线或遮挡视野的环境状况。\n2. 以安全速度谨慎驾驶，与人员、物体及其他船只保持安全距离。\n3. 不要紧跟在其他摩托艇或船只后方。\n4. 不要靠近他人并向其喷水或溅水。\n5. 避开有水下障碍物或浅水区的区域。\n6. 避免急转弯或其他让他人难以避让或判断你行驶方向的操作。\n7. 尽早采取行动避免碰撞，记住摩托艇及其他船只没有刹车装置。\n8. 试图转向避开物体时不要松开油门手柄，转向需要油门动力。\n9. 启动摩托艇前务必检查油门与转向操控是否正常。\n10. 遵守适用于摩托艇的航行规则与当地法规。\n\n此外，驾驶时还需注意：速度越快，停车距离越长，练习中应熟悉不同速度下的停车与转向避让方法。穿越其他船只产生的尾流时，应减速并以一定角度斜切穿越，通常以约45度角穿越可减轻冲击。搭载乘客时，总重量（含所有货物）超过220千克（485磅）时禁止驾驶。"",[""Manual40_0""]"
181,"""水泵发动机安全停机的正确步骤如下：先将油门手柄完全向左推，使发动机降至怠速状态 <PIC>；再将发动机开关置于“OFF”位置，切断点火电路使发动机停机 <PIC>；最后将燃油开关手柄置于“OFF”位置，关闭燃油供给 <PIC>。"",[""pump_11"", ""Manual31_17"", ""Manual31_18""]"
182,"""水泵的核心部件以手册'部件说明'列出的总成为准，包括油箱、油箱盖、燃油开关、空气滤清器盖、火花塞、消音器、阻风门手柄、发动机开关、机油加注口盖、放油螺塞、反冲启动器、机油警告灯、油门手柄、注水螺塞和放水螺塞，上述总成通常配合这张部件位置图一起识别。<PIC>"",[""pump_16""]"
183,"""按照手册中的油箱滤网清洗说明，详细步骤如下。先关闭发动机并让机器停稳，避免操作中燃油溢出或发生危险；再拆下油箱盖并取出滤网，手册在该步骤配有拆卸位置示意，其中油箱盖对应①，油箱滤网对应②；然后用溶剂清洗滤网，若滤网已损坏则更换新件；接着将滤网擦干后装回原位；最后装回油箱盖并确认拧紧，手册特别警告务必拧紧油箱盖。<PIC>"",[""Manual31_32""]"
184,"""排放燃油前请关闭发动机<PIC>，吸烟或明火附近严禁操作<PIC>。排放燃油的正确步骤如下：1. 排空油箱、燃油开关及化油器浮子室。2. 向油箱内倒入一杯SAE 10W30或20W40发动机机油。3. 晃动油箱使内壁均匀附着机油。4. 排出多余机油。<PIC>"",[""pump_02"", ""pump_03"", ""Manual31_41""]"
185,"""先确认是否为“密封进气或注水不足”导致的无法抽水。手册指出，软管安装不牢固会进气导致无法抽水，且务必在进水软管末端安装滤网；每次使用前应确认泵体内水位达到上限，启动前务必向泵内注满水，否则会损坏机械密封，同时应尽量靠近水源并减少吸程。<PIC>\n再逐项排查“接头与密封件松动或损坏”。若仍无法抽水，按故障排除顺序检查：注水螺塞或放水螺塞松动则拧紧；软管接头或卡箍松动则拧紧；O形圈或垫片损坏则更换；机械密封损坏则咨询经销商。\n最后结合“漏水检查”进行系统诊断。日常维护中应检查水泵是否漏水，重新拧紧螺栓、螺塞、卡箍及软管接头，必要时更换O形圈及/或垫片，以恢复密封与吸水能力。"",[""Manual31_5""]"
186,"""温控器的日期和时间可在初次安装时设置，也可在后续通过菜单修改。正确的日期和时间是程序日程精准运行的基础。一、初次安装时设置日期和时间。1. 设置日期。按+或-调整年份，按选择键；按+或-调整月份，按选择键；按+或-调整日期，按选择键确认。<PIC> 2. 选择时钟格式。按+或-设置为12小时制（北美标准）或24小时制，按选择键确认。<PIC> 3. 设置时间。按+或-调整小时，按选择键；按+或-调整分钟，按选择键确认。二、后续修改日期或时间。1. 设置时间：按菜单键进入设备菜单，显示PROG，按+或-选择“时间”，按选择键；选择12小时制或24小时制，按选择键；按+或-调整小时和分钟，按选择键保存并退出。2. 设置日期：按菜单键进入设备菜单，显示PROG，按+或-选择“日期”，按选择键；年份开始闪烁，按+或-依次调整年份、月份、日期，每次调整后按选择键，最后按选择键保存并退出。<PIC> 三、利用日期时间实现精准日程和温度控制。正确的日期和时间设置确保程序日程功能正常运行。温控器支持每天设置四个日程时段：起床、离家、回家、睡眠，工作日和周末可设置不同参数。按菜单键选择PROG后按选择键，可选择日期组和日程时段，调整每个时段的开始时间和供暖/制冷设定温度。<PIC> 配合智能响应技术，温控器会学习系统达到目标温度所需的时间，在您设定的时间之前自动提前启动，确保到达预定时刻时室温已达到目标值。例如将起床时间设为早上6点、温度设为70°F，供暖系统会在6点前启动，起床时温度已达标。注意：更换电池时若两分钟内完成，时间和日期设置将自动保留，无需重新配置。"",[""Manual36_25"", ""thermostat_07"", ""Manual36_42"", ""Manual36_31""]"
187,"""要优化温控器的供暖和制冷效果，需要分别调整系统模式设置、风扇运行设置以及程序日程。以下是具体操作方法。一、系统模式设置。按温控器上的模式键，循环切换至所需系统模式并保持激活状态。可用模式包括：自动模式，温控器根据需要自动选择供暖或制冷；供暖模式，温控器仅控制供暖系统；制冷模式，温控器仅控制制冷系统；应急供暖模式（仅适用于带辅助加热的热泵），温控器控制辅助加热而不使用压缩机；关闭模式，供暖和制冷系统均关闭，但若风扇设为开启或循环模式，风扇仍可运行。注：由于压缩机保护功能，供暖或制冷指示灯可能会闪烁5分钟。可用模式因型号及系统设置而异。<PIC>系统设置选项页1展示了可调整的系统设置编号及对应数值选项<PIC>系统设置选项页2展示了更多系统参数配置选项<PIC>系统模式设置界面，显示自动、供暖、制冷、应急供暖和关闭等模式选项。二、风扇运行设置。按温控器上的风扇键，循环切换至所需风扇模式并保持激活状态。可用风扇模式包括：自动模式，仅在供暖或制冷系统运行时风扇才启动；开启模式，风扇持续运行；循环模式，风扇随机运行约33%的时间，可在系统不主动供暖或制冷时保持空气流通。注：可用风扇模式因系统设置而异。<PIC>风扇运行设置界面，显示自动、开启和循环三种风扇模式选项。三、通过程序日程进一步优化。您可每天设置四个时间段（起床、离家、回家、睡眠），工作日和周末可设置不同参数。建议使用预设设置，可有效降低供暖和制冷能耗。按菜单键进入程序设置，选择日期组和时段后，分别调整供暖和制冷设定温度。此外，温控器的智能响应技术可学习炉子和空调达到设定温度所需的时间，确保在您设定的时间达到目标温度。例如将起床时间设为早上6点、温度设为70°F，系统会在6点前自动启动，确保起床时温度已达标。系统提前启动时会显示\""恢复中\""提示。<PIC>程序日程设置界面，展示起床、离家、回家、睡眠四个时段的温度和时间调整选项"",[""Manual36_27"", ""Manual36_28"", ""Manual36_29"", ""Manual36_30"", ""Manual36_31""]"
188,"""温控器提供每天四个时段的程序日程设置，工作日和周末可分别设定不同参数，建议使用预设设置以有效降低供暖和制冷能耗。四个时段分别为：起床时段设置早晨离家前的所需温度，离家时段设置外出时的温度（通常为节能温度），回家时段设置晚上就寝前的温度，睡眠时段设置夜间温度（通常为节能温度）。<PIC>\n\n调整程序日程的步骤如下：\n1. 按温控器上的菜单键。<PIC>\n2. 显示PROG后按选择键，然后显示开启，再按选择键。\n3. 按+或-选择要编辑的日期或日期组，按选择键。\n4. 按+或-选择要编辑的日程时段（起床、离家、回家、睡眠），按选择键。\n5. 显示开启后按选择键保持该时段开启，或按+再按选择键关闭该时段。\n6. 时间开始闪烁时，按+或-调整日程时段开始时间，按选择键。\n7. 温度开始闪烁时，按+或-调整供暖设定温度，按选择键；再按+或-调整制冷设定温度，按选择键。<PIC>\n8. 对剩余日程时段重复步骤4至7。\n9. 完成后按主页键保存程序设置并返回主界面。<PIC>\n\n智能响应技术可让温控器学习系统达到设定温度所需的时间，确保在设定时间点准确达到目标温度。例如将起床时间设为早上6点、温度设为70°F，供暖系统会在6点前提前启动，保证起床时温度已达标。系统在预定时间段前启动时会显示\""恢复中\""提示。\n\n如需临时调整温度，直接按+或-即可，新设定将保持至下一个预定时段开始。如需取消临时保持，按+或-后按取消键。如需永久覆盖当前日程，按+或-调整温度后，在设定温度闪烁时按保持（模式）键切换至永久保持。"",[""Manual36_31"", ""thermostat_04"", ""thermostat_05"", ""thermostat_06""]"
189,"""在主界面直接按+或-调整设定温度，调至所需温度后无需其他操作，新的设定温度将保持至下一个预定日程时间段开始，已编程日程不会被修改。<PIC> 若需取消该临时保持，按+或-后按取消键即可恢复原日程运行。"",[""Manual36_32""]"
190,"""当设备或系统出现警报界面时，请按以下步骤处理。在主界面确认警报图标是否出现，若有则进入菜单查看具体警报内容。<PIC>进入警报菜单后读取对应的错误或警报代码，并留意返回主界面后警报符号不会自动消失，需要在菜单中清除后才会解除。<PIC>若警报图标已出现，对照设备提供的错误代码表确认具体故障含义。<PIC>若提示为暂态警报，按设备说明进行相应操作，并注意相同警报在菜单中取消后可能会在7天后再次提示。<PIC>若需手动清除，按照取消警报的操作步骤执行，直到主界面警报符号消失。<PIC>如无法通过上述步骤排除问题，请记录错误代码并联系售后或专业人员处理。<PIC>"",[""Manual36_44"", ""Manual36_45"", ""Manual36_46"", ""Manual36_47"", ""Manual36_48"", ""Manual36_49""]"
191,"""先按热泵系统的接线规则连接温控器，再用备用接线规则处理异常线序。<PIC> 热泵主接线要求是将每根标记电线与新温控器上的相同字母匹配，并把电线插入对应端子；若插入困难，可按下对应端子旁的端子按钮；若标签与温控器字母不匹配，应继续按备用接线规则处理。备用接线应保持R滑动开关在向上位置（1根电线）。若旧温控器同时有V和VR电线，应立即停止并联系专业安装人员。若旧温控器有单独的O和B电线，应将B电线连接至C端子；若C端子已连接其他电线，同样应立即停止并联系专业安装人员。若旧温控器有Y1、W1和W2电线，也应立即停止并联系专业安装人员。<PIC> 完成接线后，应核对热泵端子字母和实际接线是否一致，必要时按手册中的热泵接线图和备用接线说明修正，以确保连接正确且热泵功能正常。"",[""Manual36_35"", ""Manual36_36""]"
192,"""当温控器屏幕显示电池低电量图标时应立即更换新电池，该图标会在电池耗尽前约两个月显示。即使未出现低电量图标，也应每年更换一次电池，或离家超过一个月前更换。更换步骤如下：首先从UWP底座上拆卸温控器主体，然后打开温控器背面的电池仓盖，取出旧电池，装入两节新的AA碱性电池，注意按电池仓内的正负极标识正确安装方向。<PIC>更换电池时务必使用碱性电池。安装完成后将温控器主体对准UWP底座并用力卡入到位。<PIC>若在两分钟内完成电池更换，则无需重新设置时间和日期，因为所有其他设置已永久存储在内存中，无需电池供电。更换完毕后检查屏幕是否正常显示，若屏幕空白，请确认电池是否已正确安装且为全新AA碱性电池。"",[""Manual36_22"", ""Manual36_41""]"
193,"""先记录旧温控器的接线情况，按端子旁的字母标识拍照并标注每根电线。若电线颜色相同或已褪色，可使用随附电线标签逐根标记；计数时不要计入跨接线，本温控器（RTH 7500）无需跨接线。然后将电线穿过UWP底座并至少露出1/4英寸，再按拆卸时的记录设置R开关并接入R线：若只有1根R线，将R开关拨至向上位置并接入R端子；若同时有R或Rh以及Rc两根线，将R开关拨至向下位置，将Rc线接入Rc端子，R或Rh线接入R端子。按下卡舌，将每根电线插入UWP底座对应端子的内孔，直至牢固，安装全部三颗螺丝固定底座，并对照照片确认接线一致。若标签仍与端子不匹配：常规系统按备用接线图接线，其中1根C或C1线接C端子，若有2根C或C1线则分别用电工胶带包裹且不连接；热泵系统若标签不匹配，请参阅第13页备用接线。<PIC>"",[""Manual36_34""]"
194,"""遇到温控器故障时，可按以下情况逐一排查解决。\n\n1. 屏幕空白或无法切换至制冷模式：确保已正确安装两节全新AA碱性电池。<PIC>检查系统设置选项220，确保设置为1或2。\n\n2. 需要供暖时风扇不启动：检查系统设置选项205，确保设置与您的供暖设备匹配。\n\n3. 制冷模式下供暖系统运行：检查系统设置选项200或218，确保设置与您的供暖和制冷设备匹配。\n\n4. 供暖或制冷系统无响应：按系统键将系统设置为供暖或制冷，确保温度设定高于（供暖时）或低于（制冷时）室内温度。检查断路器并在必要时复位。确保供暖和制冷系统的电源开关已打开。确保炉门紧闭，等待5分钟让系统响应。\n\n5. 屏幕上供暖开启或制冷开启闪烁：这是压缩机保护功能已启动，常见于热泵问题（供暖模式吹冷风或制冷模式吹热风）。等待5分钟让系统安全重启，避免损坏压缩机。检查系统设置选项200或218，确保设置与您的供暖和制冷设备匹配。\n\n此外，当主界面出现警报图标时，可在菜单中查看警报代码对照下表确定问题。<PIC>暂态警报在取消7天后会再次显示。电池低电量图标出现后约两个月电池将耗尽，即使未出现该图标也应每年更换一次电池。"",[""Manual36_41"", ""Manual36_49""]"
195,"""在PlayStation VR的说明中，处理器单元正面的关键组成包括状态指示灯、AUX端口和HDMI输出端口；背面的关键组成包括HDMI电视端口、HDMI PS4端口、USB端口、DC IN 12V接口以及通风口。<PIC>处理器单元正面部件图<PIC>处理器单元背面部件图"",[""Manual38_1"", ""Manual38_2""]"
196,"""VR头显配备两种耳机类型：立体声耳机（随机附带）和立体声头戴设备（另售）。立体声耳机由耳塞和耳机主体组成，结构如下图所示。<PIC>更换耳塞的方法如下：立体声耳机出厂时已安装M号耳塞，可更换为S号或L号耳塞以获得更贴合的佩戴效果。取下耳塞时，旋转耳塞后将其拔下即可。清洁耳塞时，将耳塞从立体声耳机上取下，用中性洗涤剂手洗，用软布完全擦干后再装回耳机。安装新耳塞时请牢固安装，防止使用过程中意外脱落。<PIC>"",[""Manual38_3"", ""Manual38_4""]"
197,"""清洁前请拔下电源线并断开其他所有线缆，出于安全考虑请勿使用溶剂或其他化学药剂清洁产品外壳，也请勿使用经化学处理的清洁布擦拭产品。遮光罩的正确清洁步骤如下：1. 将遮光罩从VR头显上取下。2. 用水清洗遮光罩。3. 用软布将遮光罩完全擦干。4. 将遮光罩上的凸点与头显上的13个孔对齐，重新安装到头显上。<PIC>注意：长时间接触水或灰尘可能损坏镜片并缩短其使用寿命。"",[""Manual38_5""]"
198,"""游玩区域的宽度和深度取决于摄像头与游玩区域之间的距离，具体如下：摄像头距离约1米时，游玩区域约为1.0米×1.0米；距离约1.5米时，约为1.5米×1.0米；距离约2米时，约为2.0米×1.0米；距离约3米时，约为2.0米×2.0米。<PIC>游玩区域的高度取决于摄像头的捕捉范围。使用前请检查并清理大于游玩区域的活动空间，确保远离墙壁、楼梯、家具等障碍物。请按照PS VR设置界面的指示调整摄像头位置及角度，使您处于游玩区域中央。"",[""Manual38_0""]"
199,"""使用和操作VR头显时应采取以下安全预防措施，以确保用户安全和设备使用寿命。\n\n用户安全方面：VR头显不适用于12岁以下儿童，家长可通过系统设置中的家长控制功能限制儿童使用。若您感到疲劳、头晕、恶心、身体不适、处于醉酒或服药状态，或患有严重疾病，请勿使用，使用前请咨询医生。佩戴VR头显会限制对周围真实环境的视野且无法检测障碍物，因此使用前必须检查并清理大于游玩区域的活动空间，清除所有障碍物，确保远离墙壁、楼梯、家具等可能导致碰撞或绊倒的物品，并采取措施防止宠物、他人或其他障碍物进入游玩空间。摄像头的捕捉范围决定了游玩区域的大小，请按设置界面的指示调整摄像头位置及角度，使您处于游玩区域中央。佩戴头显时请待在游玩区域中央，切勿随意走动，尽可能保持坐姿，避免头部、四肢或身体做出剧烈或过度动作。使用前检查VR头显线缆是否缠绕在身体或四肢上，游玩过程中也要经常检查。若出现头晕、视觉异常、眼睛或肌肉抽搐、意识丧失、癫痫发作、头痛、恶心或类似晕动症等症状，请立即停止使用并摘下VR头显，症状持续请就医。部分人可能会出现晕动症、恶心、视力模糊等不适，若出现此类情况应立即停止使用并休息，且不从事需要良好视力或协调能力的活动，直至症状完全消失。建议初次使用时短时间体验，通常每游玩1小时应休息15分钟，但具体时长因人而异，需休息至不适感完全消退。当感到疲劳或需要睡眠时，请勿使用。请勿在可能发生震动或其他不稳定的环境中使用。若您患有癫痫或曾有癫痫发作史，游玩前请咨询医生，因为部分人在接触闪烁灯光等光线刺激时可能出现严重症状。\n\n设备保护方面：请勿损坏电源线及电源适配器。连接前检查接口是否无灰尘及细小杂物。请勿抓着线缆甩动VR头显或电源适配器。待头显上的追踪灯熄灭后再取下VR头显或拔下头显连接线，灯光亮起时取下或拔线可能导致设备故障。请勿在产品上放置物品、投掷或摔落产品，或使其遭受强烈物理撞击。请将产品放置在幼儿接触不到的地方，幼儿可能吞咽细小零件、拉扯线缆导致设备坠落或将线缆缠绕在身上。雷雨天气时请勿触碰电源线、电源适配器或处理器单元。请勿让液体或细小颗粒进入产品内部，若发生此情况请立即停止使用并断开电源。请勿将产品暴露在灰尘、烟雾或蒸汽中。请勿遮挡处理器单元的通风口，不要在封闭橱柜等易积热的环境中使用，待处理器单元冷却后再将其移至通风良好的位置。使用易于插拔的电源以便需要时可快速断开，若产品出现异常运行、异常声音或气味、过热发烫，请立即停止使用并断开所有线缆。处理器单元状态指示灯为红色时才可拔下电源线。请勿使用标配以外的电源适配器或电源线，也不可将标配配件用于其他产品。湿手请勿触碰电源插头。请勿用布覆盖使用中的电源适配器。清洁或长期不使用时请拔下电源线。请勿将电源线连接至电压变压器或逆变器。请勿将产品或配件置于高温、高湿或阳光直射的环境中，不要使用烘干机等加热设备烘烤产品，也不要放置在不稳定、倾斜或易震动的平面上。<PIC>"",[""Manual38_0""]"
200,"""功能键盘的全球保修政策包含以下内容。保修期限方面，更换产品的保修期为剩余保修期或三十天以较长者为准，享受保修需提供购买凭证。保障对象仅限原始消费者购买的产品 <PIC>。保修范围内，若产品在保修期内出现经合理判定的故障，厂商将根据库存情况自行决定提供维修或更换服务，更换产品可为全新或翻新，功能相近且价值相等或更高。申请保修需通过售后支持网站提交并提供购买凭证副本以获取退货授权RMA编号。经销商保修方面，北美地区购买后60天内可退回经销商更换，欧洲及澳新地区为两年内，其他地区为一年内，均需提供购买凭证。官网购买的产品在购买30天内且获得RMA编号可享受全额退款或换货，超过30天不予退货。保修政策不包含以下情况：未经许可对产品或序列号及保修标签进行的改装；非制造缺陷导致的任何损坏；因意外、滥用、误用、疏忽、火灾、进水、雷击或其他自然灾害、未经授权改装或未遵循说明书操作导致的损坏、老化或故障；安装不当、未经授权的更改或改装、或由非授权人员进行维修或尝试维修；运输途中损坏需向承运方索赔；正常磨损。此外，厂商不保证产品满足用户的所有需求，不对任何间接或继发性损害承担责任，包括服务中断、数据丢失、业务损失等，也不存在其他明示或默示担保。"",[""Manual21_16""]"
201,"""功能键盘保修政策中，损害赔偿的除外责任和免责声明包括以下内容。一、保修范围的除外责任。以下情况不在保修范围内：未经许可对产品或序列号或保修标签进行改装；非制造缺陷导致的任何损坏；因意外、滥用、误用、疏忽、火灾、进水、雷击或其他自然灾害、未经授权改装产品或未遵循产品说明书操作导致的损坏、老化或故障；安装不当、未经授权的更改或改装、或由非授权人员进行维修或尝试维修；运输途中损坏（需向承运方提出索赔）；以及正常磨损。二、损害免责条款。保修方的唯一义务与责任仅限于自行选择以全新或翻新、功能相近且价值相等或更高的产品维修或更换故障产品。在任何情况下，保修方均不对任何间接或继发性损害承担责任，包括但不限于服务中断、数据丢失、业务损失，或因本产品或其使用、持有相关的民事侵权责任。三、默示担保限制。不存在其他明示或默示担保，包括但不限于适销性或特定用途适用性担保，默示担保的有效期仅限于保修期限。"",[]"
202,"""设置功能键盘分为硬件连接和软件配置两个部分。硬件连接方面，首先将USB-C线连接键盘背面的USB-C接口，另一端连接电脑上可用的USB 2.0或更高速度接口。<PIC>然后将腕托安装到键盘正面，腕托采用磁吸设计，可自动吸附并居中（仅全尺寸及无小键盘版本附带腕托）。如需更高的打字倾斜角度，可展开键盘底部的可调节支撑脚，共有两层支撑脚，可选择中高两档角度。<PIC>软件配置方面，前往官网下载最新版CAM软件并安装。功能键盘自带四个板载配置文件，可通过CAM软件设置并保存，配置信息保存后无需运行CAM即可使用已存储的灯光、宏命令等功能。按下FN加F1、F2、F3或F4中任意一键即可切换至对应编号的配置文件。可通过CAM软件进行自定义RGB灯光设置。<PIC>还可自定义宏命令以及按键重映射等设置。<PIC>"",[""Manual21_11"", ""Manual21_3"", ""Manual21_7"", ""Manual21_8""]"
203,"""拆卸轴体：使用附赠的拔轴器，从顶部夹住轴体，将工具两端沿轴体前后方向放置。轴体由两个卡扣固定在定位板上，按下卡扣即可拆卸。<PIC>注意工具请勿刮擦上盖面板，无需从轴体下方撬动，仅需夹住轴体外壳底部两侧即可。重新安装轴体：安装前请确保所有针脚笔直，无弯曲或折向轴底外壳的情况。目视检查轴体上的两个金属针脚与键盘上的轴座插孔对应。<PIC>垂直向下用力将轴体插入键盘插槽，正确插入后，轴体外壳两侧应紧贴键盘上盖面板。如果在拆卸键帽时轴体随键帽一同拔出，请参考上述安装步骤重新安装轴体。"",[""Manual21_14"", ""Manual21_15""]"
204,"""1. 前往官网下载并安装最新版CAM软件。<PIC>\n2. 在CAM软件中为键盘设置配置信息，可自定义灯光、宏命令和按键重映射，并将设置保存到键盘的四个板载配置文件之一。\n3. 配置保存到键盘后，即使不运行CAM软件，也可直接使用已存储的灯光、宏命令和按键绑定。\n4. 需要切换配置文件时，按FN+F1、F2、F3或F4即可调用对应的配置文件。\n如果已将自定义灯光保存到某个配置文件，切换到该配置文件时会自动激活对应的自定义灯光。"",[""Manual21_0""]"
205,"""在硬件模式下，功能键盘提供两种主要操作方式。1. RGB灯光控制：配置文件1至4自带四种默认灯光模式，按下FN键加F1、F2、F3或F4即可切换调用。若已通过CAM软件设置自定义灯光并分配至某板载配置文件，切换至该自定义配置文件时将自动激活对应的自定义灯光效果。<PIC>2. 切换已存储配置文件（1-4）：按下FN（功能键）加F1、F2、F3或F4中任意一键，即可切换至对应编号（1至4）的配置文件。每个配置文件可存储不同的按键宏命令、按键重映射及灯光设置，在硬件模式下无需依赖CAM软件即可快速调用。"",[""Manual21_7""]"
206,"""安装挡泥板的步骤如下：\n1. 将挡泥板侧转，然后向上滑入左侧把手管。<PIC>注意不要让“凸点”卡入 1 号孔。\n2. 安装挡泥板，使“凸点”卡入 2 号孔，完成固定。<PIC>"",[""rideon_motorcycle_01"", ""rideon_motorcycle_02""]"
207,"""在安装前轮前，已先完成挡泥板与右侧把手管的安装；所需的扳手随产品提供，其他工具需自备。安装前轮时，先将前轴穿过把手管与前轮，每侧把手管的内外两侧都必须安装垫片，再用两个螺母将前轴和车轮固定到把手上，并使用随附扳手拧紧至螺母到达螺纹尽头，这一过程可参考<PIC>。安装完成后应检查车轮与把手管之间的间隙，如果间隙过大或车轮定位不稳，可在车轮与把手管之间加装额外垫片；重新安装前轴后，应确认间隙减小且车轮仍能自由转动，若车轮卡滞则减少一片垫片，这一步可参考<PIC>。"",[""Manual26_6"", ""Manual26_7""]"
208,"""蓝牙激光鼠标需要两节 AA 电池。安装步骤如下：\n1. 按下电池仓按钮，电池仓盖弹出。<PIC>\n2. 按照鼠标内部标注的正负极（+ 和 -）装入两节 AA 电池。<PIC>\n3. 装回电池仓盖。<PIC>\n当鼠标 LED 指示灯变为琥珀色时，表示电量低，应立即更换电池。<PIC>"",[""Manual27_1"", ""Manual27_2"", ""Manual27_3"", ""Manual27_14""]"
209,"""安装WIDCOMM蓝牙协议栈前，请先将USB蓝牙适配器插入电脑的USB接口。然后按以下步骤操作：\n1. 将附带的安装光盘放入光驱。\n2. 安装程序将自动加载。若未自动加载，请双击光盘bin文件夹内的Setup.exe。\n3. 欢迎界面将引导您完成安装，点击“下一步”继续。<PIC>\n4. 阅读许可协议并选择“我接受许可协议中的条款”，点击“下一步”继续。<PIC>\n5. 程序将安装至默认文件夹，点击“更改”可选择其他安装路径，点击“下一步”继续。<PIC>\n6. 点击“安装”开始安装，安装过程可能需要一些时间。<PIC>\n7. 出现安装完成界面即表示安装成功。<PIC>\n8. 拔下USB蓝牙适配器后重新插入，鼠标将自动配对。点击“完成”退出安装，系统将提示重启电脑以使蓝牙协议栈生效，点击“是”立即重启或“否”稍后重启。<PIC>"",[""Manual27_4"", ""Manual27_5"", ""Manual27_6"", ""Manual27_7"", ""Manual27_8"", ""Manual27_9""]"
210,"""要卸载蓝牙激光鼠标的WIDCOMM蓝牙协议栈，请按以下步骤操作：1. 先拔下USB蓝牙适配器。2. 点击开始 > 设置 > 控制面板 > 添加或删除程序。3. 在程序列表中选择WIDCOMM蓝牙软件，点击“删除”。4. 系统开始卸载程序，此过程可能需要一些时间。5. 程序卸载完成后，系统将提示重启电脑。点击“是”立即重启，或“否”稍后重启。"",[]"
211,"""蓝牙鼠标出厂默认已设置为预配对模式。在Windows系统中进行快速配对的步骤如下：1. 将USB蓝牙适配器插入电脑的USB接口。2. 按下鼠标底部的配对按钮。<PIC>3. 按下USB蓝牙适配器底部的按钮，直至LED指示灯每秒闪烁一次，这表示蓝牙适配器已开始搜索待配对设备。<PIC>4. 移动鼠标以确认连接成功。注意：本款鼠标销售时不含USB蓝牙适配器。"",[""Manual27_10"", ""Manual27_11""]"
212,"""要通过WIDCOMM蓝牙驱动程序为蓝牙激光鼠标设置配对，首先需要安装WIDCOMM蓝牙协议栈。将USB蓝牙适配器插入电脑USB接口，将安装光盘放入光驱，运行安装程序并按照向导完成安装，安装完成后重启电脑使协议栈生效。然后按照以下步骤进行配对：\n1. 双击系统托盘中的蓝牙图标，启动蓝牙初始配置向导，按照屏幕说明完成初始配置。<PIC>\n2. 配置完成后将出现HID设备搜索界面，自动搜索附近的蓝牙设备。<PIC>\n3. 在搜索结果中点击蓝牙激光鼠标，按照屏幕说明启用连接。\n4. 或者按下USB蓝牙适配器按钮，直至出现人机接口设备（HID）界面。<PIC>\n5. 鼠标连接成功后将出现确认信息，点击按钮确认已连接正确的鼠标。<PIC>\n配对过程中鼠标LED指示灯会绿色闪烁，表示正在配对。如需手动触发配对，也可按下鼠标底部的配对按钮。"",[""Manual27_16"", ""Manual27_17"", ""Manual27_12"", ""Manual27_13""]"
213,"""查看蓝牙激光鼠标电量状态有两种方式。1. 通过鼠标上的电量LED指示灯判断：LED指示灯变为琥珀色时，表示电量低，需要立即更换电池。鼠标顶部和底部LED指示灯状态一致。<PIC>2. 通过电脑软件查看更详细的电量信息：安装蓝牙协议栈后，前往控制面板 > 鼠标 > 蓝牙，即可查看鼠标的电量状态。<PIC>另外，故障排除中提到，当鼠标LED指示灯亮起红色时，也表示电量低，需立即更换新电池。请使用两节AA电池。"",[""Manual27_14"", ""Manual27_15""]"
214,"""首次使用蓝牙激光鼠标驱动程序，需按照以下步骤操作：\n\n首先，安装电池。按下按钮打开电池仓盖<PIC>，按照鼠标内部标注的正负极装入两节AA电池<PIC>，然后装回电池仓盖<PIC>。\n\n其次，安装WIDCOMM蓝牙协议栈。将USB蓝牙适配器插入电脑USB接口，放入安装光盘并运行Setup.exe<PIC>，按照向导完成安装，接受许可协议<PIC>，选择安装路径<PIC>，点击安装开始安装<PIC>，安装完成后根据提示重启电脑<PIC>。\n\n最后，进行鼠标配对。可通过两种方式配对：一是Windows快速配对，按下鼠标底部配对按钮<PIC>，按下USB蓝牙适配器底部按钮直至LED指示灯每秒闪烁一次<PIC>，移动鼠标确认连接；二是通过WIDCOMM蓝牙协议栈配对，按下USB蓝牙适配器按钮出现HID界面<PIC>，确认鼠标连接<PIC>。\n\n首次使用协议栈时，双击系统托盘中的蓝牙图标<PIC>，按照初始配置向导完成配置，配置完成后将出现HID界面搜索蓝牙设备<PIC>，点击要连接的HID设备并按屏幕说明启用即可。"",[""Manual27_1"", ""Manual27_2"", ""Manual27_3"", ""Manual27_4"", ""Manual27_5"", ""Manual27_6"", ""Manual27_7"", ""Manual27_8"", ""Manual27_10"", ""Manual27_11"", ""Manual27_12"", ""Manual27_13"", ""Manual27_16"", ""Manual27_17""]"
215,"""除鼠标外，蓝牙协议栈还允许您连接其他蓝牙 HID 设备（如打印机、调制解调器、掌上电脑等）。请按以下步骤操作：\n1. 确保 USB 蓝牙适配器已插入电脑。\n2. 将要连接的蓝牙设备设置为可被发现模式。\n3. 按下 USB 蓝牙适配器按钮，直至出现人机接口设备（HID）界面。<PIC>\n4. 从下拉菜单中选择要搜索的设备类型。<PIC>\n5. 屏幕将显示检测到的设备列表，点击目标设备，协议栈将引导您完成连接。\n蓝牙图标状态可帮助判断适配器工作情况：红色表示未插入适配器，白色表示适配器已插入，绿色表示适配器已检测到 HID 设备。"",[""Manual27_17"", ""Manual27_18""]"
216,"""拆卸烤箱门前，请佩戴防护手套，确保烤箱已冷却并断开电源。拆卸步骤如下：\n1. 完全打开烤箱门。\n2. 抬起卡扣并向前推至极限位置。<PIC>\n3. 将烤箱门关至最大角度，向上抬起并转动直至脱开。<PIC>"",[""oven_01"", ""oven_02""]"
217,"""安装烤箱门前请确保烤箱已冷却并断开电源，佩戴防护手套。安装烤箱门的步骤如下：1. 将铰链装入对应位置。2. 完全打开烤箱门。3. 放下两个卡扣。4. 关闭烤箱门。"",[]"
218,"""1. 取下侧边配件支架格栅。<PIC>\n2. 轻轻拉出加热元件。<PIC>\n3. 将加热元件向下放下。<PIC>\n4. 复位时，抬起加热元件并轻轻向自身方向拉动，确保其支撑在侧支架上。"",[""oven_03"", ""oven_04"", ""oven_05""]"
219,"""先断开烤箱电源；随后拧下灯罩<PIC>，按照灯泡型号说明更换灯泡，再将灯罩拧回原位<PIC>；完成后重新接通烤箱电源。仅使用25-40W/230V E-14、耐温300℃白炽灯；灯泡可从售后服务中心购买。重要提示：灯罩复位前，请勿使用烤箱。"",[""oven_06"", ""oven_07""]"
220,"""使用烤箱接油盘时，先将接油盘放置在烤架下方，用于收集油脂和食物碎屑，也可作为烤盘直接烹饪肉类、鸡肉、鱼类并可搭配蔬菜使用。烤肉时，建议在接油盘中倒入少量水，以减少油脂飞溅和冒烟；若使用烧烤或旋转烤叉功能，建议在烤架正下方或第一层放置加有半升水的接油盘，并按需补充水分。烹饪过程中可将接油盘半拉出使用。<PIC>"",[""oven_08""]"
221,"""清洁烤箱外部时，请先确保烤箱已冷却，并断开电源。<PIC>\n\n重要提示：请勿使用腐蚀性或研磨性清洁剂。若此类产品意外接触设备，请立即用湿布擦拭。\n\n清洁步骤：用湿布擦拭烤箱外部表面。若污渍较严重，可在清水中加入几滴洗洁精，用湿布蘸取后擦拭，最后用干布擦干即可。"",[""Manual28_6""]"
222,"""烤架用于烧烤食物，也可作为锅具、蛋糕模及其他烹饪容器的支架。可放置在任意可用层位，安装时凸面朝上或朝下均可。<PIC>\n\n配合烧烤功能使用时，需搭配烤架烤盘套装：将套装中的搪瓷容器放置在烤架上，配合烧烤功能使用。<PIC>\n\n烧烤前预热3至5分钟，烹饪期间烤箱门保持打开。烤肉时在烤架正下方放置加有半升水的接油盘，以减少烟雾和油脂飞溅并收集肉汁，按需补充水分。<PIC>\n\n烧烤肉类时选择厚度均匀的肉块，为避免表面烤焦可降低烤架位置使食物远离加热元件，烹饪至三分之二时间时翻面。烹饪过程中可借助滑动搁架将烤架半拉出，方便翻面或检查食物。"",[""oven_10"", ""oven_13"", ""oven_08""]"
223,"""催化侧面板用于在烹饪过程中吸附油脂飞溅物，面板表面为特殊微孔搪瓷涂层，可以在油脂较多的烹饪后配合自动清洁程序降低油污残留。烹饪油脂含量较高的食物后，建议在烤箱空载时使用热风循环功能执行自动清洁程序；按烤箱清洁章节建议，通常可在200℃运行约1小时，随后待设备冷却再用海绵清除残留。为保护催化表面，清洁时请勿使用腐蚀性或研磨性清洁剂、粗刷、百洁布或烤箱喷雾，以免破坏其自清洁性能。<PIC>"",[""oven_11""]"
224,"""烤盘用于烘焙饼干、蛋糕及披萨。<PIC>\n\n首次使用前，取下烤盘上的纸板防护件、保护膜及不干胶标签，然后将烤盘放入烤箱以200℃空烤约一小时，去除绝缘材料及防护油脂产生的异味和烟雾。\n\n使用烤盘时，建议优先选用深色金属烤盘，也可使用耐热玻璃或陶瓷锅具，但烹饪时间会稍长。按烹饪表建议将烤盘放置在对应层位。烘焙披萨时，可在烤盘上轻微刷油，保证披萨底部酥脆。烤肉时，可在烤盘底部加入少许汤汁，烹饪过程中淋汁增香；烤肉完成后，在烤箱内静置10至15分钟，或用铝箔纸包裹。\n\n取出烤盘时请佩戴隔热手套，小心勿触碰加热元件。使用后立即将烤盘放入加有洗洁精的水中浸泡，若仍烫手请佩戴隔热手套操作。"",[""oven_09""]"
225,"""烤架烤盘套装包含烤架（6a）和搪瓷容器（6b），使用时需将整套烤架烤盘套装放在烤架（3）上，并配合烧烤功能使用。<PIC>使用前建议预热3到5分钟，烹饪期间烤箱门保持打开；为减少烟雾和油脂飞溅，可在底层接油盘中加入少量水，烧烤过程中建议在烹饪至约三分之二时间时翻面。烹饪过程中可借助滑动搁架将烤架与接油盘半拉出操作，方便取放食物。"",[""oven_13""]"
226,"""烤箱的油脂过滤器仅用于油脂较多的烹饪，使用时挂在烤箱腔体后壁、风扇对面的位置；也就是说，把它装在热风风扇正对面的后壁上即可，以便在热风循环烹饪时拦截油脂飞溅。该油脂过滤器可以配合热风循环功能使用，烹饪结束后可放入洗碗机清洗，便于重复使用。<PIC>"",[""oven_14""]"
227,"""滑动搁架用于在烹饪过程中将烤架与接油盘半拉出，便于取放食物。<PIC>\n使用方式：按烤箱说明将滑动搁架安装到对应搁架位置后，需要中途翻面、补料或检查时，握住搁架前端将其半拉出；本滑动搁架适用于所有配件，使用后可拆下并用洗碗机清洗。"",[""oven_15""]"
228,"""在相机手册中，混合即时相机安装肩带的方法如下。<PIC>请先准备好肩带卡扣安装工具，按照图示打开肩带卡扣。<PIC>将肩带卡扣安装到相机两侧的挂绳环上，把挂绳环钩入卡扣开口，用手按住卡扣后取出工具。<PIC>将肩带穿过每个卡扣即可完成安装。使用时注意三点：肩带仅作肩带使用，请勿将肩带套在脖子上；注意肩带不要遮挡相纸出口；安装过程中挂绳环可能会磨损或褪色。该肩带为另售配件。"",[""Manual29_12"", ""hybrid_instant_camera_03"", ""hybrid_instant_camera_05""]"
229,"""为混合即时相机装入电池的步骤如下：1. 滑动电池盖将其打开。<PIC>2. 按照电池上的箭头指示装入电池，确保电池上的黄线与相机上的标记对齐。<PIC>3. 关闭电池盖。<PIC>注意：取出电池时，将电池锁扣推向一侧，然后将电池滑出相机。出厂时电池未充满电，使用前务必先充电。"",[""Manual29_13"", ""Manual29_14"", ""Manual29_15""]"
230,"""仅使用instax SQUARE拍立得相纸，装入前请勿将相纸盒从内袋中取出。装入相纸盒的操作步骤如下：\n\n1. 按住相仓锁按钮，然后将拨杆向右滑动，直至相仓略微打开。<PIC>\n2. 握住相纸盒两侧，将相纸盒底部对准相仓凹槽，然后平直插入。<PIC>\n3. 关闭后盖，确保后盖锁咔哒到位。<PIC>\n4. 关闭后盖时，黑色相纸保护盖会自动弹出，从相纸出口取出相纸保护盖。<PIC>\n\n注意事项：相纸用完前请勿打开后盖，否则剩余相纸会曝光变白无法使用；装入相纸盒时切勿按压相纸盒背面的两个矩形孔；切勿使用已过保质期的相纸盒，否则可能损坏相机。instax mini相纸或instax WIDE相纸无法使用。"",[""Manual29_26"", ""Manual29_27"", ""hybrid_instant_camera_01"", ""hybrid_instant_camera_02""]"
231,"""确认相纸已用完后，再取出相纸盒。相机提示相纸用完时，拍摄画面右侧的所有点会以灰色显示；在相纸用完前不要打开后盖，以免未使用的相纸曝光变白无法使用。<PIC>先按住相仓锁按钮，再将拨杆向右滑动，直到相仓略微打开。<PIC>然后握住相纸盒上的矩形孔，将已用完的相纸盒平直拉出即可。"",[""Manual29_28"", ""Manual29_29""]"
232,"""设置混合即时相机的自动打印模式需要以下步骤：<PIC>将侧面的打印模式选择器切换到“AUTO”位置。<PIC>切换后，拍摄画面上会出现自动打印模式图标。<PIC>完成设置后，每次拍摄图像保存后将立即开始打印。"",[""Manual29_30"", ""Manual29_31"", ""Manual29_32""]"
233,"""手动打印模式是instax SQUARE混合即时相机的默认设置，无需额外初始设置即可使用。如需手动切换，请将相机侧面的打印模式选择器切换到“MANUAL”。<PIC>切换后，拍摄画面上会显示对应的手动打印模式图标，表示已进入手动打印模式。<PIC>在此模式下，拍摄的图像会保存到相机内存中，您可以稍后选择并打印，而非拍摄后立即自动打印。<PIC>"",[""Manual29_33"", ""Manual29_34"", ""Manual29_35""]"
234,"""使用混合即时相机拍摄照片的步骤如下：1. 顺时针转动镜头环（电源开关）开机。<PIC>2. 双手持机，肘部抵住身体，确认最终图像的构图。<PIC>3. 选择拍摄模式或进行图像效果设置。4. 半按快门对焦。对焦成功时相机发出蜂鸣声，显示屏上出现绿色对焦框；对焦失败时显示屏上出现红色对焦框，需更改构图或使用对焦锁定。5. 完全按下快门拍摄照片，照片将保存到相机内存。若打印模式设为自动打印模式，图像将被自动打印。拍摄注意事项：按下快门时注意不要触碰镜头表面，完全按下时请轻按。注意手指或肩带不要遮挡闪光灯、镜头或相纸出口。光线不足时拍摄可能会触发闪光灯，可在闪光灯设置中关闭闪光。"",[""Manual29_36"", ""Manual29_37""]"
